,Manufacturer,ProductName,ReleaseYear,ReleaseMonth,ReleaseDay,DDR_ver,Bandwidth
0,ADATA,AD4S26664G19-SGN,2023,9,4,4,21300
1,ADATA,AD5S48008G-S,2023,9,4,5,38400
2,CFD,CFD Selection D4N3200CM-16GQ,2023,9,4,4,25600
3,ADATA,AD4S26668G19-SGN,2023,9,4,4,21300
4,ADATA,AD4S266616G19-SGN,2023,9,4,4,21300
5,Corsair,CMW8GX4M1Z3200C16,2023,8,29,4,25600
6,サムスン,M323R1GB4DB0-CWM,2023,8,18,5,44800
7,サムスン,M378A2K43EB1-CWE,2023,8,18,4,25600
8,サムスン,M323R2GA3BB0-CQK,2023,8,18,5,38400
9,サムスン,M378A4G43AB2-CWE,2023,8,18,4,25600
10,サムスン,M323R4GA3DB0-CWM,2023,8,18,5,44800
11,ドスパラ 【直販モデル】,D4N3200-16G1A2,2023,8,17,4,25600
12,Mushkin Enhanced,IR4GMP1333D3,2023,8,16,3,10600
13,Mushkin Enhanced,IR8GMP1333D3,2023,8,16,3,10600
14,Mushkin Enhanced,IR16GMP1333D3,2023,8,16,3,10600
15,Silicon Power,SP032GBSFU320F02,2023,7,26,4,25600
16,キングストン,KSM32ES8/16MF,2023,7,25,4,25600
17,ADATA,AD5S480032G-S,2023,7,25,5,38400
18,crucial,CT8G56C46S5,2023,7,24,5,44800
19,crucial,CT8G52C42U5,2023,7,24,5,41600
20,crucial,CT8G56C46U5,2023,7,24,5,44800
21,crucial,CT8G52C42S5,2023,7,24,5,41600
22,crucial,CT24G56C46S5,2023,7,24,5,44800
23,crucial,CT32G56C46U5,2023,7,24,5,44800
24,crucial,CT32G56C46S5,2023,7,24,5,44800
25,crucial,CT48G56C46S5,2023,7,24,5,44800
26,Micron,MTA9ASF2G72PZ-2G9E1R,2023,7,14,4,23400
27,Micron,MTA18ASF2G72PZ-2G9J3R,2023,7,14,4,23400
28,Micron,MTA18ASF4G72PDZ-3G2R,2023,7,14,4,25600
29,Micron,MTA18ASF4G72PDZ-2G9E1R,2023,7,14,4,23400
30,Micron,MTA72ASS8G72LZ-3G2R2R,2023,7,14,4,25600
31,Micron,MTA72ASS16G72LZ-3G2B3R,2023,7,14,4,25600
32,キングストン,KF552C36BBE-16,2023,7,13,5,41600
33,ADATA,AD5S480016G-S,2023,7,10,5,38400
34,CFD,CFD Selection D4N3200CM-8GQ,2023,6,30,4,25600
35,グリーンハウス,GH-DNV4800-8GB,2023,6,27,5,38400
36,グリーンハウス,GH-DRV4800-8GB,2023,6,27,5,38400
37,グリーンハウス,GH-DNV4800-16GB,2023,6,27,5,38400
38,グリーンハウス,GH-DRV4800-16GB,2023,6,27,5,38400
39,グリーンハウス,GH-DNV4800-32GB,2023,6,27,5,38400
40,グリーンハウス,GH-DRV4800-32GB,2023,6,27,5,38400
41,キングストン,KF560C40BBA-8,2023,6,21,5,48000
42,キングストン,KF552C40BBA-16,2023,6,21,5,41600
43,キングストン,KSM26ED8/32MF,2023,6,19,4,21300
44,ADTEC,ADS4800D-R16GSBT,2023,6,16,5,38400
45,ADTEC,ADS4800D-R32GDBT,2023,6,16,5,38400
46,ADTEC,ADS4800D-R32GSAT,2023,6,16,5,38400
47,ADTEC,ADS4800D-R64GDAT,2023,6,16,5,38400
48,Corsair,CMSX8GX4M1A3200C22,2023,6,13,4,25600
49,Silicon Power,SP004GBLFU213N02,2023,6,5,4,17000
50,キングストン,KF436C17BWA/8,2023,6,5,4,28800
51,Silicon Power,SP032GBLFU320F02,2023,6,5,4,25600
52,キングストン,KF560C40BBA-16,2023,6,5,5,48000
53,キングストン,KF552C36BBEA-16,2023,6,5,5,41600
54,キングストン,KF560C36BBE-16,2023,6,5,5,48000
55,キングストン,KF548C38BBA-32,2023,6,5,5,38400
56,crucial,CT16G52C42S5,2023,6,2,5,41600
57,バッファロー,MV-D4U2400-S4G,2023,5,30,4,19200
58,Micron,MTA9ASF2G72AZ-3G2F1R,2023,5,30,4,25600
59,Micron,MTA9ASF2G72PZ-3G2F1R,2023,5,30,4,25600
60,Micron,MTA18ASF4G72AZ-3G2F1R,2023,5,30,4,25600
61,Micron,MTA18ASF4G72PDZ-3G2F1R,2023,5,30,4,25600
62,SPD 【直販モデル】,SDDR426S08G30,2023,5,16,4,21300
63,SPD 【直販モデル】,UDDR426D08G30,2023,5,16,4,21300
64,SPD 【直販モデル】,SDDR432S08G30,2023,5,16,4,25600
65,SPD 【直販モデル】,UDDR432D08G30,2023,5,16,4,25600
66,SPD 【直販モデル】,SDDR426S16G30,2023,5,16,4,21300
67,SPD 【直販モデル】,UDDR426D16G30,2023,5,16,4,21300
68,SPD 【直販モデル】,SDDR432S16G30,2023,5,16,4,25600
69,SPD 【直販モデル】,UDDR432D16G30,2023,5,16,4,25600
70,CENTURY MICRO,CB8G-SOD4U2133H,2023,5,2,4,17000
71,CENTURY MICRO,CB8G-SOD4U2400H,2023,5,2,4,19200
72,CENTURY MICRO,CB8G-SOD4U2666H,2023,5,2,4,21300
73,CENTURY MICRO,CB8G-SOD4U2933H,2023,5,2,4,23400
74,CENTURY MICRO,CB8G-SOD4U3200H,2023,5,2,4,25600
75,CENTURY MICRO,CB8G-D4U2133H,2023,5,1,4,17000
76,CENTURY MICRO,CB8G-D4U2400H,2023,5,1,4,19200
77,CENTURY MICRO,CB8G-D4U2666H,2023,5,1,4,21300
78,CENTURY MICRO,CB8G-D4U2933H,2023,5,1,4,23400
79,CENTURY MICRO,CB8G-D4U3200H,2023,5,1,4,25600
80,CENTURY MICRO,CB8G-D4UE2133H,2023,5,1,4,17000
81,CENTURY MICRO,CB8G-D4UE2666H,2023,5,1,4,21300
82,CENTURY MICRO,CB8G-D4UE2933H,2023,5,1,4,23400
83,CENTURY MICRO,CB8G-D4UE3200H,2023,5,1,4,25600
84,CENTURY MICRO,CB8G-D4RE213381,2023,5,1,4,17000
85,CENTURY MICRO,CB8G-D4RE240081,2023,5,1,4,19200
86,CENTURY MICRO,CB8G-D4RE266681,2023,5,1,4,21300
87,CENTURY MICRO,CB8G-D4RE293381,2023,5,1,4,23400
88,CENTURY MICRO,CB8G-D4RE320081,2023,5,1,4,25600
89,CENTURY MICRO,CB32G-SOD4U2133,2023,5,1,4,17000
90,CENTURY MICRO,CB32G-SOD4U2400,2023,5,1,4,19200
91,CENTURY MICRO,CB32G-SOD4U2666,2023,5,1,4,21300
92,CENTURY MICRO,CB32G-SOD4U2933,2023,5,1,4,23400
93,CENTURY MICRO,CB32G-SOD4U3200,2023,5,1,4,25600
94,CENTURY MICRO,CB32G-D4U2133,2023,4,28,4,17000
95,CENTURY MICRO,CB32G-D4U2400,2023,4,28,4,19200
96,CENTURY MICRO,CB32G-D4U2666,2023,4,28,4,21300
97,CENTURY MICRO,CB32G-D4U2933,2023,4,28,4,23400
98,CENTURY MICRO,CB32G-D4U3200,2023,4,28,4,25600
99,CENTURY MICRO,CB32G-D4UE2133,2023,4,28,4,17000
100,CENTURY MICRO,CB32G-D4UE2400,2023,4,28,4,19200
101,CENTURY MICRO,CB32G-D4UE2666,2023,4,28,4,21300
102,CENTURY MICRO,CB32G-D4UE2933,2023,4,28,4,23400
103,CENTURY MICRO,CB32G-D4UE3200,2023,4,28,4,25600
104,CENTURY MICRO,CB32G-D4RE213382,2023,4,28,4,17000
105,CENTURY MICRO,CB32G-D4RE240082,2023,4,28,4,19200
106,CENTURY MICRO,CB32G-D4RE266682,2023,4,28,4,21300
107,CENTURY MICRO,CB32G-D4RE293382,2023,4,28,4,23400
108,CENTURY MICRO,CB32G-D4RE320082,2023,4,28,4,25600
109,CENTURY MICRO,CB16G-SOD4U2133H,2023,4,27,4,17000
110,CENTURY MICRO,CB16G-SOD4U2400H,2023,4,27,4,19200
111,CENTURY MICRO,CB16G-SOD4U2666H,2023,4,27,4,21300
112,CENTURY MICRO,CB16G-SOD4U2933H,2023,4,27,4,23400
113,CENTURY MICRO,CB16G-SOD4U3200H,2023,4,27,4,25600
114,CENTURY MICRO,CB16G-SOD4U2133,2023,4,27,4,17000
115,CENTURY MICRO,CB16G-SOD4U2400,2023,4,27,4,19200
116,CENTURY MICRO,CB16G-SOD4U2666,2023,4,27,4,21300
117,CENTURY MICRO,CB16G-SOD4U2933,2023,4,27,4,23400
118,CENTURY MICRO,CB16G-SOD4U3200,2023,4,27,4,25600
119,CENTURY MICRO,CB16G-D4UE2666H,2023,4,27,4,21300
120,CENTURY MICRO,CB16G-D4UE2933H,2023,4,27,4,23400
121,CENTURY MICRO,CB16G-D4UE3200H,2023,4,27,4,25600
122,CENTURY MICRO,CB16G-D4UE2933,2023,4,27,4,23400
123,CENTURY MICRO,CB16G-D4UE3200,2023,4,27,4,25600
124,CENTURY MICRO,CB16G-D4U2133H,2023,4,26,4,17000
125,CENTURY MICRO,CB16G-D4U2400H,2023,4,26,4,19200
126,CENTURY MICRO,CB16G-D4U2666H,2023,4,26,4,21300
127,CENTURY MICRO,CB16G-D4U2933H,2023,4,26,4,23400
128,CENTURY MICRO,CB16G-D4U3200H,2023,4,26,4,25600
129,CENTURY MICRO,CB16G-D4U2133,2023,4,26,4,17000
130,CENTURY MICRO,CB16G-D4U2400,2023,4,26,4,19200
131,CENTURY MICRO,CB16G-D4U2666,2023,4,26,4,21300
132,CENTURY MICRO,CB16G-D4U2933,2023,4,26,4,23400
133,CENTURY MICRO,CB16G-D4U3200,2023,4,26,4,25600
134,CENTURY MICRO,CB16G-D4UE2133H,2023,4,26,4,17000
135,CENTURY MICRO,CB16G-D4UE2400H,2023,4,26,4,19200
136,CENTURY MICRO,CB16G-D4UE2133,2023,4,26,4,17000
137,CENTURY MICRO,CB16G-D4UE2400,2023,4,26,4,19200
138,CENTURY MICRO,CB16G-D4UE2666,2023,4,26,4,21300
139,CENTURY MICRO,CB16G-D4RE213381,2023,4,26,4,17000
140,CENTURY MICRO,CB16G-D4RE240081,2023,4,26,4,19200
141,CENTURY MICRO,CB16G-D4RE266681,2023,4,26,4,21300
142,CENTURY MICRO,CB16G-D4RE293381,2023,4,26,4,23400
143,CENTURY MICRO,CB16G-D4RE320081,2023,4,26,4,25600
144,CENTURY MICRO,CB16G-D4RE213382,2023,4,26,4,17000
145,CENTURY MICRO,CB16G-D4RE240082,2023,4,26,4,19200
146,CENTURY MICRO,CB16G-D4RE266682,2023,4,26,4,21300
147,CENTURY MICRO,CB16G-D4RE293382,2023,4,26,4,23400
148,CENTURY MICRO,CB16G-D4RE320082,2023,4,26,4,25600
149,ESSENCORE,KLEVV KD5AGUA80-56G460A,2023,4,20,5,44800
150,ESSENCORE,KLEVV KD5AGSA80-56G460A,2023,4,20,5,44800
151,WINTEN,WT-LD3200-8GB,2023,4,19,4,25600
152,WINTEN,WT-SD2666-4GB,2023,4,19,4,21300
153,WINTEN,WT-LD2400-4GB,2023,4,19,4,19200
154,WINTEN,WT-LD2400-8GB,2023,4,19,4,19200
155,WINTEN,WT-LD2666-4GB,2023,4,19,4,21300
156,WINTEN,WT-LD2666-8GB,2023,4,19,4,21300
157,WINTEN,WT-SD2400-4GB,2023,4,19,4,19200
158,WINTEN,WT-SD2400-8GB,2023,4,19,4,19200
159,WINTEN,WT-SD2666-8GB,2023,4,19,4,21300
160,WINTEN,WT-LD2400-16GB,2023,4,19,4,19200
161,WINTEN,WT-LD2666-16GB,2023,4,19,4,21300
162,WINTEN,WT-SD2400-16GB,2023,4,19,4,19200
163,WINTEN,WT-SD2666-16GB,2023,4,19,4,21300
164,WINTEN,WT-LD3200-16GB,2023,4,19,4,25600
165,WINTEN,WT-SD3200-16GB,2023,4,19,4,25600
166,WINTEN,WT-LD2666-32GB,2023,4,19,4,21300
167,WINTEN,WT-SD2666-32GB,2023,4,19,4,21300
168,キングストン,KVR56U46BS6-8,2023,4,18,5,44800
169,キングストン,KSM48E40BS8KM-16HM,2023,4,18,5,38400
170,キングストン,KSM48R40BS8KMM-16HMR,2023,4,18,5,38400
171,キングストン,KSM48E40BD8KM-32HM,2023,4,18,5,38400
172,キングストン,KSM48R40BS4TMM-32HMR,2023,4,18,5,38400
173,キングストン,KSM48R40BD4TMM-64HMR,2023,4,18,5,38400
174,IODATA,DZ3200-C4G,2023,3,24,4,25600
175,IODATA,SDZ3200-C4G,2023,3,24,4,25600
176,IODATA,DZ3200-C8G,2023,3,24,4,25600
177,IODATA,SDZ3200-C8G,2023,3,24,4,25600
178,ADTEC,ADS3200D-R16GDB,2023,3,8,4,25600
179,ADTEC,ADS3200D-R16GSA,2023,3,8,4,25600
180,ADTEC,ADS3200D-R32GDA,2023,3,8,4,25600
181,ADTEC,ADS3200D-R32GDB,2023,3,8,4,25600
182,ADTEC,ADS3200D-R64GDA,2023,3,8,4,25600
183,ADTEC,ADS2933D-R16GDB,2023,3,7,4,23400
184,Mushkin Enhanced,IR4GSO1333D3,2023,3,3,3,10600
185,バッファロー,MV-D4N3200-8G,2023,3,3,4,25600
186,バッファロー,MV-D4N3200-16G,2023,3,3,4,25600
187,Mushkin Enhanced,IR4GMP1866D3,2023,3,3,3,14900
188,Mushkin Enhanced,IR8GSO1333D3,2023,3,3,3,10600
189,バッファロー,MV-D4N3200-32G,2023,3,3,4,25600
190,Mushkin Enhanced,IR8GMP1866D3,2023,3,3,3,14900
191,Mushkin Enhanced,IR16GMP1866D3R,2023,3,3,3,14900
192,Silicon Power,SP008GBSFU213B02,2023,3,2,4,17000
193,CENTURY MICRO,CB8G-D4UE2400H,2023,2,27,4,19200
194,Micron,MTC10C1084S1EC48BA1R,2023,2,27,5,38400
195,Micron,MTA36ASF8G72PZ-3G2F1R,2023,2,27,4,25600
196,Silicon Power,SP008GBLFU240B02,2023,2,22,4,19200
197,Silicon Power,SP008GBLFU213B02,2023,2,22,4,17000
198,Silicon Power,SP008GBSFU320B02,2023,2,22,4,25600
199,crucial,CT8G48C40S5,2023,2,22,5,38400
200,Silicon Power,SP016GBLFU240B02,2023,2,22,4,19200
201,Silicon Power,SP016GBLFU213B02,2023,2,22,4,17000
202,Silicon Power,SP016GBLFU320F02,2023,2,22,4,25600
203,サムスン,M323R4GA3BB0-CQK,2023,2,22,5,38400
204,crucial,CT32G52C42S5,2023,2,22,5,41600
205,キングストン,KF430C15RB/8,2023,2,16,4,24000
206,キングストン,KVR26N19S6L/4,2023,2,16,4,21300
207,キングストン,HX430C16FB3A/32,2023,2,16,4,24000
208,SPD 【直販モデル】,SDDR1600LS04G,2023,2,10,3,12800
209,トランセンド,JM5600ALE-16G,2023,2,1,5,44800
210,トランセンド,JM5600ASE-16G,2023,2,1,5,44800
211,Corsair,CMG16GX4M1E3200C16,2023,1,16,4,25600
212,crucial,CT16G56C46U5,2023,1,16,5,44800
213,crucial,CT16G56C46S5,2023,1,16,5,44800
214,SPD 【直販モデル】,SDDR1600LS08G,2023,1,6,3,12800
215,crucial,CT16G52C42U5,2022,12,27,5,41600
216,crucial,CT32G52C42U5,2022,12,27,5,41600
217,SUPER TALENT,W160SA4GSL,2022,11,18,3,12800
218,SUPER TALENT,W1333SA4GS,2022,11,18,3,10600
219,ADTEC,ADS3200D-R8GSB,2022,11,9,4,25600
220,ADTEC,ADS4800D-E16GSB,2022,11,7,5,38400
221,ADTEC,ADS4800N-E16GSB,2022,11,7,5,38400
222,ADTEC,ADS4800D-E32GDB,2022,11,7,5,38400
223,ADTEC,ADS4800N-E32GDB,2022,11,7,5,38400
224,G.Skill,F5-4800S4039A16GX1-RS,2022,10,26,5,38400
225,G.Skill,F5-5200S3838A16GX1-RS,2022,10,26,5,41600
226,G.Skill,F5-4800S4039A32GX1-RS,2022,10,26,5,38400
227,G.Skill,F5-4800S3838A16GX1-RS,2022,10,25,5,38400
228,G.Skill,F5-4800S3434A16GX1-RS,2022,10,25,5,38400
229,G.Skill,F5-4800S3838A32GX1-RS,2022,10,25,5,38400
230,キングストン,KSM26ES8/16MF,2022,10,24,4,21300
231,Micron,MTC10F1084S1RC48BA1R,2022,10,11,5,38400
232,Micron,MTC20F1045S1RC48BA2R,2022,10,11,5,38400
233,Micron,MTC20F2085S1RC48BA1R,2022,10,11,5,38400
234,Micron,MTC20C2085S1EC48BA1R,2022,10,11,5,38400
235,サムスン,M471A1K43DB1-CWE,2022,9,27,4,25600
236,旭東エレクトロニクス,SE3D16008GL,2022,9,20,3,12800
237,旭東エレクトロニクス,SE3N16008GL,2022,9,20,3,12800
238,PNY,MD8GSD4320016-TB,2022,9,14,4,25600
239,PNY,MN16GSD42666-TB,2022,9,14,4,21300
240,PNY,MD16GSD4320016-TB,2022,9,14,4,25600
241,Mushkin Enhanced,IR2GSO1066D3,2022,9,12,3,8500
242,サムスン,M471A5244CB0-CWE,2022,9,5,4,25600
243,ADTEC,ADS2666D-H16G,2022,9,5,4,21300
244,ADTEC,ADS2666N-H16G,2022,9,5,4,21300
245,旭東エレクトロニクス,SE3D16004GL,2022,9,1,3,12800
246,旭東エレクトロニクス,SE3N16004GL,2022,9,1,3,12800
247,Micron,MTC40F2046S1RC48BA1R,2022,9,1,5,38400
248,CFD,D4N2133CS-4G,2022,8,19,4,17000
249,CFD,D4U2666CS-8G,2022,8,19,4,21300
250,CFD,D4U2400CS-8G,2022,8,19,4,19200
251,CFD,D4N3200CS-8G,2022,8,19,4,25600
252,CFD,D4U3200CS-8G,2022,8,19,4,25600
253,CFD,D4N2133CS-8G,2022,8,19,4,17000
254,CFD,D4N2666CS-8G,2022,8,19,4,21300
255,CFD,D4N2400CS-8G,2022,8,19,4,19200
256,CFD,D4U3200CS-16G,2022,8,19,4,25600
257,CFD,D4U2666CS-16G,2022,8,19,4,21300
258,CFD,D4U2400CS-16G,2022,8,19,4,19200
259,CFD,D4N3200CS-16G,2022,8,19,4,25600
260,CFD,D4N2666CS-16G,2022,8,19,4,21300
261,CFD,D4N3200PS-8G,2022,8,12,4,25600
262,CFD,D4N3200PS-16G,2022,8,12,4,25600
263,キングストン,KF560C32RS-16,2022,8,9,5,48000
264,キングストン,KF560C32RSA-16,2022,8,9,5,48000
265,キングストン,KF564C32RS-16,2022,8,9,5,51200
266,キングストン,KF564C32RSA-16,2022,8,9,5,51200
267,Silicon Power,SP008GBLFU266B02,2022,7,11,4,21300
268,Mushkin Enhanced,IR4GSO2400D4,2022,7,11,4,19200
269,Mushkin Enhanced,IR2GSO800D2,2022,7,11,2,6400
270,Mushkin Enhanced,IR4GSO1600D3,2022,7,11,3,12800
271,Mushkin Enhanced,IR8GSO1600D3,2022,7,11,3,12800
272,Mushkin Enhanced,IR4GSO800D2,2022,7,11,2,6400
273,Mushkin Enhanced,IR8GSO2400D4,2022,7,11,4,19200
274,Mushkin Enhanced,IR8GSO2666D4,2022,7,11,4,21300
275,Mushkin Enhanced,IR16GSO2400D4,2022,7,11,4,19200
276,Mushkin Enhanced,IR16GSO2666D4,2022,7,11,4,21300
277,Mushkin Enhanced,IR32GSO2666D4,2022,7,11,4,21300
278,UMAX,UM-DDR5S-4800-8G,2022,7,7,5,38400
279,UMAX,UM-DDR5S-4800-16G,2022,7,7,5,38400
280,UMAX,UM-DDR5S-4800-32G,2022,7,7,5,38400
281,Mushkin Enhanced,IR4GSO1066D3,2022,7,1,3,8500
282,キングストン,KVR48U40BS6-8,2022,6,30,5,38400
283,キングストン,KVR48S40BS6-8,2022,6,30,5,38400
284,キングストン,KVR48S40BS8-16,2022,6,30,5,38400
285,キングストン,KVR32N22D8/16,2022,6,30,4,25600
286,キングストン,KTL-TS432E/32G,2022,6,30,4,25600
287,キングストン,KTL-TS432E/16G,2022,6,30,4,25600
288,キングストン,KVR48S40BD8-32,2022,6,30,5,38400
289,キングストン,KVR48U40BD8-32,2022,6,30,5,38400
290,キングストン,KTL-TS432D8P/16G,2022,6,30,4,25600
291,キングストン,KTL-TS432ES8/16G,2022,6,30,4,25600
292,キングストン,KTL-TS432D8/32G,2022,6,30,4,25600
293,キングストン,KTL-TS432LQ/128G,2022,6,30,4,25600
294,キングストン,KTD-PE432E/8G,2022,6,28,4,25600
295,キングストン,KSM32RS8L/8HDR,2022,6,28,4,25600
296,キングストン,KTD-PE432ES8/16G,2022,6,28,4,25600
297,キングストン,KSM32SES8/16HC,2022,6,28,4,25600
298,キングストン,KSM32RS8/16HCR,2022,6,28,4,25600
299,キングストン,KTH-PL432/16G,2022,6,28,4,25600
300,キングストン,KTH-PL432D8/16G,2022,6,28,4,25600
301,キングストン,KSM32SES8/8HD,2022,6,28,4,25600
302,キングストン,KSM32SES8/8MR,2022,6,28,4,25600
303,キングストン,KTD-PN432E/8G,2022,6,28,4,25600
304,キングストン,KTH-PN432E/8G,2022,6,28,4,25600
305,キングストン,KTL-TN432E/8G,2022,6,28,4,25600
306,キングストン,KTD-PE432E/32G,2022,6,28,4,25600
307,キングストン,KTH-PL432ES8/16G,2022,6,28,4,25600
308,キングストン,KSM32RS8/8MRR,2022,6,28,4,25600
309,キングストン,KSM32RD8/32HCR,2022,6,28,4,25600
310,キングストン,KSM32RS4/32HCR,2022,6,28,4,25600
311,キングストン,KTD-PE432/32G,2022,6,28,4,25600
312,キングストン,KSM32SED8/32HC,2022,6,28,4,25600
313,キングストン,KTD-PE432E/16G,2022,6,28,4,25600
314,キングストン,KTL-TN432E/16G,2022,6,28,4,25600
315,キングストン,KTH-PN432ES8/16G,2022,6,28,4,25600
316,キングストン,KTD-PE432D8P/16G,2022,6,28,4,25600
317,キングストン,KTH-PN426ES8/16G,2022,6,28,4,21300
318,キングストン,KTH-PN432E/16G,2022,6,28,4,25600
319,キングストン,KTL-TS426ES8/16G,2022,6,28,4,21300
320,キングストン,KSM32RS4/16MRR,2022,6,28,4,25600
321,キングストン,KSM32RS8/16MFR,2022,6,28,4,25600
322,キングストン,KTH-PL426ES8/16G,2022,6,28,4,21300
323,キングストン,KSM32SED8/16HD,2022,6,28,4,25600
324,キングストン,KSM32SED8/16MR,2022,6,28,4,25600
325,キングストン,KTD-PN432E/16G,2022,6,28,4,25600
326,キングストン,KTD-PN432ES8/16G,2022,6,28,4,25600
327,キングストン,KTH-PL432D8P/16G,2022,6,28,4,25600
328,キングストン,KSM32RS8L/16MFR,2022,6,28,4,25600
329,キングストン,KSM32RD8/32MFR,2022,6,28,4,25600
330,キングストン,KTH-PL426E/32G,2022,6,28,4,21300
331,キングストン,KTD-PN432E/32G,2022,6,28,4,25600
332,キングストン,KTL-TN432E/32G,2022,6,28,4,25600
333,キングストン,KSM32RS4/32MFR,2022,6,28,4,25600
334,キングストン,KSM32RS4L/32MFR,2022,6,28,4,25600
335,キングストン,KTH-PN432E/32G,2022,6,28,4,25600
336,キングストン,KTD-PE432LQ/128G,2022,6,28,4,25600
337,キングストン,KTH-PL432LQ/128G,2022,6,28,4,25600
338,トランセンド,JM4800ALG-8G,2022,6,23,5,38400
339,トランセンド,JM4800ASG-8G,2022,6,23,5,38400
340,トランセンド,JM4800ASE-16G,2022,6,23,5,38400
341,トランセンド,JM4800ALE-16G,2022,6,23,5,38400
342,トランセンド,JM4800ALE-32G,2022,6,23,5,38400
343,トランセンド,JM4800ASE-32G,2022,6,23,5,38400
344,Team,TED58G4800C40-S016,2022,6,20,5,38400
345,Team,TED516G4800C40-S01,2022,6,20,5,38400
346,Team,TED532G4800C40-S01,2022,6,20,5,38400
347,Corsair,CMSX8GX4M1A2666C18,2022,6,17,4,21300
348,Corsair,CMSX16GX4M1A2666C18,2022,6,17,4,21300
349,キングストン,KSM26ES8/8MR,2022,6,9,4,21300
350,キングストン,KSM26SED8/16MR,2022,6,9,4,21300
351,キングストン,KSM26RS8/8MRR,2022,6,9,4,21300
352,キングストン,KSM32ES8/8MR,2022,6,9,4,25600
353,キングストン,KSM32ED8/32HC,2022,6,9,4,25600
354,キングストン,KSM26SES8/8MR,2022,6,9,4,21300
355,キングストン,KSM26RS4/32HCR,2022,6,9,4,21300
356,キングストン,KSM26RD4/32MRR,2022,6,9,4,21300
357,キングストン,KSM26SED8/32HC,2022,6,9,4,21300
358,キングストン,KSM26SES8/16HC,2022,6,9,4,21300
359,キングストン,KSM26ED8/16MR,2022,6,9,4,21300
360,キングストン,KSM32RD8/16MRR,2022,6,9,4,25600
361,キングストン,KSM32ED8/16MR,2022,6,9,4,25600
362,キングストン,KSM26ES8/16HC,2022,6,9,4,21300
363,キングストン,KSM26RD8/16MRR,2022,6,9,4,21300
364,キングストン,KSM26RS4/16MRR,2022,6,9,4,21300
365,キングストン,KSM26RS8/16HCR,2022,6,9,4,21300
366,キングストン,KSM26RS8/16MFR,2022,6,9,4,21300
367,キングストン,KSM32RD4/64HCR,2022,6,9,4,25600
368,キングストン,KSM26ED8/32HC,2022,6,9,4,21300
369,キングストン,KSM32RD4/32MRR,2022,6,9,4,25600
370,キングストン,KSM26RS4/32MFR,2022,6,9,4,21300
371,キングストン,KSM26RD8/32HCR,2022,6,9,4,21300
372,キングストン,KSM26RD8/32MFR,2022,6,9,4,21300
373,キングストン,KSM26RD4/64HCR,2022,6,9,4,21300
374,キングストン,KSM26RD4/64MFR,2022,6,9,4,21300
375,キングストン,KSM32RD4/64MFR,2022,6,9,4,25600
376,キングストン,KF437C19BB/8,2022,6,8,4,29800
377,Corsair,CMSX8GX5M1A4800C40,2022,6,8,5,38400
378,キングストン,KF437C19BBA/8,2022,6,8,4,29800
379,キングストン,KF548S38IB-8,2022,6,8,5,38400
380,Corsair,CMSX16GX4M1A3200C22,2022,6,8,4,25600
381,キングストン,KF556C40BB-8,2022,6,8,5,44800
382,crucial,CT16G48C40S5,2022,6,8,5,38400
383,Corsair,CMSX16GX5M1A4800C40,2022,6,8,5,38400
384,キングストン,KF548C38BB-8,2022,6,8,5,38400
385,キングストン,KF560C40BB-8,2022,6,8,5,48000
386,キングストン,KF548S38IB-16,2022,6,8,5,38400
387,キングストン,KF552C40BB-8,2022,6,8,5,41600
388,キングストン,KF556C40BB-16,2022,6,8,5,44800
389,Corsair,CMSX32GX4M1A3200C22,2022,6,8,4,25600
390,キングストン,KF560C40BB-16,2022,6,8,5,48000
391,crucial,CT32G48C40S5,2022,6,8,5,38400
392,Corsair,CMSX32GX5M1A4800C40,2022,6,8,5,38400
393,キングストン,KF548S38IB-32,2022,6,8,5,38400
394,キングストン,KF556C40BB-32,2022,6,8,5,44800
395,キングストン,KF552C40BB-32,2022,6,8,5,41600
396,キングストン,KF548C38BB-32,2022,6,8,5,38400
397,キングストン,KF432C16BBA/8,2022,6,6,4,25600
398,キングストン,KF426S15IB/8,2022,6,6,4,21300
399,キングストン,KF436C17BB/8,2022,6,6,4,28800
400,キングストン,KF426C16BBA/8,2022,6,6,4,21300
401,キングストン,KF436C17BBA/8,2022,6,6,4,28800
402,キングストン,KF432C16BB/4,2022,6,6,4,25600
403,キングストン,KF318C10B/4,2022,6,1,3,14900
404,キングストン,KF316C10BB/4,2022,6,1,3,12800
405,キングストン,KCP432SS6/4,2022,6,1,4,25600
406,キングストン,KF426C16BB/4,2022,6,1,4,21300
407,キングストン,KCP426NS6/8,2022,6,1,4,21300
408,キングストン,KF426C16BB/8,2022,6,1,4,21300
409,キングストン,KF316C10B/4,2022,6,1,3,12800
410,キングストン,KCP432NS6/8,2022,6,1,4,25600
411,キングストン,KF318LS11IB/4,2022,6,1,3,14900
412,キングストン,KCP3L16NS8/4,2022,6,1,3,12800
413,キングストン,KCP432NS8/8,2022,6,1,4,25600
414,キングストン,KF426C13RB/8,2022,6,1,4,21300
415,キングストン,KF316LS9IB/4,2022,6,1,3,12800
416,キングストン,KF318C10BB/4,2022,6,1,3,14900
417,キングストン,KF316C10B/8,2022,6,1,3,12800
418,キングストン,KF316C10BB/8,2022,6,1,3,12800
419,キングストン,KCP432NS8/16,2022,6,1,4,25600
420,キングストン,KCP3L16SD8/8,2022,6,1,3,12800
421,キングストン,KF318LS11IB/8,2022,6,1,3,14900
422,キングストン,KF318C10BB/8,2022,6,1,3,14900
423,キングストン,KCS-UC432/16G,2022,6,1,4,25600
424,キングストン,KCP548SS6-8,2022,6,1,5,38400
425,キングストン,KCP548US6-8,2022,6,1,5,38400
426,キングストン,KCP426ND8/32,2022,6,1,4,21300
427,キングストン,KCP426SD8/32,2022,6,1,4,21300
428,キングストン,KCP432SD8/16,2022,6,1,4,25600
429,キングストン,KCS-UC432/32G,2022,6,1,4,25600
430,キングストン,KCP548US8-16,2022,6,1,5,38400
431,キングストン,KCP548SS8-16,2022,6,1,5,38400
432,キングストン,KCP432SD8/32,2022,6,1,4,25600
433,キングストン,KCP548UD8-32,2022,6,1,5,38400
434,キングストン,KCP548SD8-32,2022,6,1,5,38400
435,キングストン,KCS-UC432/64G,2022,6,1,4,25600
436,キングストン,KCS-UC432LQ/128G,2022,6,1,4,25600
437,キングストン,KF316LS9IB/8,2022,5,31,3,12800
438,キングストン,KCP426SS6/8,2022,5,16,4,21300
439,キングストン,KVR26N19S6/8,2022,5,16,4,21300
440,キングストン,KF432S20IB/8,2022,5,16,4,25600
441,キングストン,KCP432SS6/8,2022,5,16,4,25600
442,キングストン,KCP432SS8/8,2022,5,16,4,25600
443,キングストン,KSM32ES8/8HD,2022,5,16,4,25600
444,キングストン,KSM26SES8/8HD,2022,5,16,4,21300
445,キングストン,KTH-PL432E/8G,2022,5,16,4,25600
446,キングストン,KVR26N19S8/16,2022,5,16,4,21300
447,キングストン,KCP426NS8/16,2022,5,16,4,21300
448,キングストン,KCP426SS8/16,2022,5,16,4,21300
449,キングストン,KSM32ED8/16HD,2022,5,16,4,25600
450,キングストン,KTH-PL432E/16G,2022,5,16,4,25600
451,キングストン,KTH-PL426S8/16G,2022,5,16,4,21300
452,キングストン,KTD-PE426S8/16G,2022,5,16,4,21300
453,キングストン,KTD-PE432/16G,2022,5,16,4,25600
454,キングストン,KTD-PE432S8/16G,2022,5,16,4,25600
455,キングストン,KTL-TS426S8/16G,2022,5,16,4,21300
456,キングストン,KTL-TS432D8/16G,2022,5,16,4,25600
457,キングストン,KCP432ND8/32,2022,5,16,4,25600
458,キングストン,KTD-PE426E/32G,2022,5,16,4,21300
459,キングストン,KTD-PN426E/32G,2022,5,16,4,21300
460,キングストン,KTH-PL432E/32G,2022,5,16,4,25600
461,キングストン,KTH-PN426E/32G,2022,5,16,4,21300
462,キングストン,KTL-TN426E/32G,2022,5,16,4,21300
463,キングストン,KTD-PE432D8/32G,2022,5,16,4,25600
464,キングストン,KTH-PL432/32G,2022,5,16,4,25600
465,キングストン,KTH-PL432D8/32G,2022,5,16,4,25600
466,キングストン,KTH-PL432S4/32G,2022,5,16,4,25600
467,キングストン,KTL-TS432/32G,2022,5,16,4,25600
468,キングストン,KCP426NS6/4,2022,5,9,4,21300
469,キングストン,KCP426SS6/4,2022,5,9,4,21300
470,キングストン,KCP426SS8/8,2022,5,9,4,21300
471,キングストン,KVR32N22S6/8,2022,5,9,4,25600
472,キングストン,KVR32N22S8/8,2022,5,9,4,25600
473,キングストン,KVR32S22S6/8,2022,5,9,4,25600
474,キングストン,KCP426NS8/8,2022,5,9,4,21300
475,キングストン,KVR26N19S8L/8,2022,5,9,4,21300
476,キングストン,KTD-PE426E/8G,2022,5,9,4,21300
477,キングストン,KTD-PN426E/8G,2022,5,9,4,21300
478,キングストン,KTH-PL426E/8G,2022,5,9,4,21300
479,キングストン,KTH-PN426E/8G,2022,5,9,4,21300
480,キングストン,KTL-TN426E/8G,2022,5,9,4,21300
481,キングストン,KTL-TS426E/8G,2022,5,9,4,21300
482,キングストン,KSM26RS8/8HDI,2022,5,9,4,21300
483,キングストン,KSM32RS8/8HDR,2022,5,9,4,25600
484,キングストン,KTD-PE432S8/8G,2022,5,9,4,25600
485,キングストン,KVR32N22S8/16,2022,5,9,4,25600
486,キングストン,KCP432SS8/16,2022,5,9,4,25600
487,キングストン,KTD-PE426E/16G,2022,5,9,4,21300
488,キングストン,KTD-PN426E/16G,2022,5,9,4,21300
489,キングストン,KTH-PL426E/16G,2022,5,9,4,21300
490,キングストン,KTH-PN426E/16G,2022,5,9,4,21300
491,キングストン,KTL-TN426E/16G,2022,5,9,4,21300
492,キングストン,KTL-TS426E/16G,2022,5,9,4,21300
493,キングストン,KSM26RD8/16HDI,2022,5,9,4,21300
494,キングストン,KSM26RS4/16HDI,2022,5,9,4,21300
495,キングストン,KSM32RD8/16HDR,2022,5,9,4,25600
496,キングストン,KSM32RS4/16HDR,2022,5,9,4,25600
497,キングストン,KTD-PE432D8/16G,2022,5,9,4,25600
498,キングストン,KSM29RS8/8HDR,2022,5,9,4,23400
499,キングストン,KVR32S22D8/32,2022,5,9,4,25600
500,キングストン,KVR26N19D8/32,2022,5,9,4,21300
501,キングストン,KVR32N22D8/32,2022,5,9,4,25600
502,キングストン,KSM32RD4/32HDR,2022,5,9,4,25600
503,キングストン,KTD-PE432S4/32G,2022,5,9,4,25600
504,キングストン,KCP316NS8/4,2022,5,6,3,12800
505,キングストン,KCP316SS8/4,2022,5,6,3,12800
506,キングストン,KTD-PE426S8/8G,2022,5,6,4,21300
507,キングストン,KTH-PL426S8/8G,2022,5,6,4,21300
508,キングストン,KTL-TS426S8/8G,2022,5,6,4,21300
509,キングストン,KCP3L16SS8/4,2022,5,6,3,12800
510,キングストン,KCP316ND8/8,2022,5,6,3,12800
511,キングストン,KCP316SD8/8,2022,5,6,3,12800
512,キングストン,KCP3L16ND8/8,2022,5,6,3,12800
513,キングストン,KTD-PE426D8/16G,2022,5,6,4,21300
514,キングストン,KTH-PL426D8/16G,2022,5,6,4,21300
515,キングストン,KTL-TS426/16G,2022,5,6,4,21300
516,キングストン,KTL-TS426D8/16G,2022,5,6,4,21300
517,キングストン,KTD-PE426/32G,2022,5,6,4,21300
518,キングストン,KTH-PL426/32G,2022,5,6,4,21300
519,キングストン,KTL-TS426/32G,2022,5,6,4,21300
520,CFD,D4U3200PS-8G,2022,4,22,4,25600
521,CFD,D4U3200PS-16G,2022,4,22,4,25600
522,リーダーメディアテクノ,L-D4D8G-3200,2022,4,22,4,25600
523,リーダーメディアテクノ,L-D4D16G-3200,2022,4,22,4,25600
524,リーダーメディアテクノ,L-D4N16G-3200,2022,4,22,4,25600
525,Silicon Power,SP008GBSFU240B02,2022,4,20,4,19200
526,プリンストン,PDD4/3200-8G,2022,4,20,4,25600
527,プリンストン,PDN4/3200-8G,2022,4,20,4,25600
528,Silicon Power,SP016GBSFU240B02,2022,4,20,4,19200
529,プリンストン,PDD4/3200-16G,2022,4,20,4,25600
530,プリンストン,PDN4/3200-16G,2022,4,20,4,25600
531,プリンストン,PDD4/3200-32G,2022,4,20,4,25600
532,プリンストン,PDN4/3200-32G,2022,4,20,4,25600
533,グリーンハウス,GH-DRF2133-16GB,2022,4,20,4,17000
534,ADTEC,ADS4800N-X8G,2022,4,6,5,38400
535,ADTEC,ADS4800N-H16G,2022,4,6,5,38400
536,ADTEC,ADS4800N-32G,2022,4,6,5,38400
537,Team,TLZGD48G3600HC18J01,2022,4,5,4,28800
538,ADTEC,ADS2133N-X4G,2022,4,5,4,17000
539,ADTEC,ADS2133N-H8G,2022,4,5,4,17000
540,Team,TLZGD416G3200HC16F01,2022,4,5,4,25600
541,Team,TLZGD416G3600HC18J01,2022,4,5,4,28800
542,トランセンド,TS1GSH64V6H,2022,4,5,4,21300
543,ADTEC,ADS2133N-HE8G,2022,4,5,4,17000
544,Team,TTZD48G2666HC19-S01,2022,3,31,4,21300
545,Team,TTZD48G3200HC22-S01,2022,3,31,4,25600
546,Team,TTZD416G2666HC19-S01,2022,3,31,4,21300
547,Team,TTZD416G3200HC22-S01,2022,3,31,4,25600
548,ADTEC,ADS2933D-H16G,2022,3,31,4,23400
549,ADTEC,ADS3200D-H16G,2022,3,31,4,25600
550,ADTEC,ADS2666D-32G,2022,3,31,4,21300
551,ADTEC,ADS2933N-H16G,2022,3,29,4,23400
552,ADTEC,ADS3200N-H16G,2022,3,29,4,25600
553,ADTEC,ADS2666N-32G,2022,3,29,4,21300
554,ADTEC,ADM2666N-32G,2022,3,29,4,21300
555,キングストン,KSM26ES8/8HD,2022,3,28,4,21300
556,PNY,MD8GSD54800-TB,2022,3,23,5,38400
557,ADTEC,ADS4800D-X8G,2022,3,23,5,38400
558,ADTEC,ADS3200D-E8GSB,2022,3,23,4,25600
559,PNY,MD16GSD54800-TB,2022,3,23,5,38400
560,ADTEC,ADS4800D-H16G,2022,3,23,5,38400
561,ADTEC,ADS3200D-E16GDB,2022,3,23,4,25600
562,ADTEC,ADS3200D-E16GSB,2022,3,23,4,25600
563,ADTEC,ADS4800D-32G,2022,3,23,5,38400
564,ADTEC,ADS3200D-E32GDB,2022,3,23,4,25600
565,IODATA,SDZ3200-4G,2022,2,9,4,25600
566,IODATA,DZ3200-4G,2022,2,9,4,25600
567,IODATA,DZ3200-8G,2022,2,9,4,25600
568,IODATA,SDZ3200-8G,2022,2,9,4,25600
569,ADATA,AD5U48008G-R,2021,12,22,5,38400
570,ADATA,AD5U480016G-R,2021,12,22,5,38400
571,ADATA,AX5U5200C3816G-CLABK,2021,12,22,5,41600
572,ADATA,AX5U5200C3816G-CLARBK,2021,12,22,5,41600
573,ADATA,AD5U480032G-S,2021,12,22,5,38400
574,リーダーメディアテクノ,L-D4D4G,2021,12,13,4,21300
575,リーダーメディアテクノ,L-D4D8G,2021,12,13,4,21300
576,リーダーメディアテクノ,L-D4D16G,2021,12,13,4,21300
577,キングストン,KVR48U40BS8-16,2021,12,8,5,38400
578,キングストン,KF548C38BB-16,2021,12,8,5,38400
579,キングストン,KF552C40BB-16,2021,12,8,5,41600
580,crucial,CT8G48C40U5,2021,12,1,5,38400
581,crucial,CT16G48C40U5,2021,12,1,5,38400
582,crucial,CT32G48C40U5,2021,12,1,5,38400
583,トランセンド,TS3200HLB-8G,2021,11,18,4,25600
584,トランセンド,TS3200HLB-16G,2021,11,18,4,25600
585,トランセンド,JM3200HLD-4G,2021,10,22,4,25600
586,サムスン,M471A2K43DB1-CWE,2021,10,22,4,25600
587,リーダーメディアテクノ,L-D4N4G,2021,10,14,4,21300
588,リーダーメディアテクノ,L-D4N8G,2021,10,14,4,21300
589,リーダーメディアテクノ,L-D4N16G,2021,10,14,4,21300
590,トランセンド,TS3200HSB-8G,2021,10,5,4,25600
591,トランセンド,TS3200HSB-16G,2021,10,5,4,25600
592,crucial,CT8G4SFRA32A,2021,9,22,4,25600
593,Corsair,CMK8GX4M1Z3200C16,2021,9,22,4,25600
594,HP,13L78AA,2021,9,22,4,25600
595,HP,13L79AA,2021,9,22,4,25600
596,HP,13L76AA,2021,9,22,4,25600
597,HP,13L77AA,2021,9,22,4,25600
598,HP,13L74AA,2021,9,22,4,25600
599,HP,13L75AA,2021,9,22,4,25600
600,エレコム,EW3200-8G/RO,2021,9,16,4,25600
601,エレコム,EW3200-N8G/RO,2021,9,16,4,25600
602,エレコム,EW3200-16G/RO,2021,9,16,4,25600
603,エレコム,EW3200-N16G/RO,2021,9,16,4,25600
604,ESSENCORE,KLEVV KD44GS481-26N190A,2021,9,14,4,21300
605,キングストン,KVR26S19S6/8,2021,8,26,4,21300
606,キングストン,KVR26S19S8/16,2021,8,26,4,21300
607,キングストン,KF440C19RBA/8,2021,8,18,4,32000
608,キングストン,KF440C19RB/8,2021,8,18,4,32000
609,キングストン,KF426C13RB1/16,2021,8,18,4,21300
610,キングストン,KF426S16IB/16,2021,8,18,4,21300
611,キングストン,KF426C16BB/16,2021,8,18,4,21300
612,キングストン,KF432C16BB/16,2021,8,18,4,25600
613,キングストン,KF426C16BBA/16,2021,8,18,4,21300
614,キングストン,KF432C16BB1/16,2021,8,18,4,25600
615,キングストン,KF426C16BB1A/16,2021,8,18,4,21300
616,キングストン,KF426S15IB1/16,2021,8,18,4,21300
617,キングストン,KF426C16BB1/16,2021,8,18,4,21300
618,キングストン,KF430C16BBA/16,2021,8,18,4,24000
619,キングストン,KF429S17IB1/16,2021,8,18,4,23400
620,キングストン,KF430C16BB/16,2021,8,18,4,24000
621,キングストン,KF430C15RB1/16,2021,8,18,4,24000
622,キングストン,KF429S17IB/16,2021,8,18,4,23400
623,キングストン,KF430C15BB1/16,2021,8,18,4,24000
624,キングストン,KF432C16RB1/16,2021,8,17,4,25600
625,キングストン,KF432S20IB/16,2021,8,17,4,25600
626,キングストン,KF436C18BB/16,2021,8,17,4,28800
627,キングストン,KF432C16BBA/16,2021,8,17,4,25600
628,キングストン,KF436C18BBA/16,2021,8,17,4,28800
629,キングストン,KF432C16RB1A/16,2021,8,17,4,25600
630,キングストン,KF436C16RB1/16,2021,8,17,4,28800
631,キングストン,KF436C16RB1A/16,2021,8,17,4,28800
632,キングストン,KF437C19BB1/16,2021,8,17,4,29800
633,キングストン,KF437C19BB1A/16,2021,8,17,4,29800
634,キングストン,KF440C19RB1/16,2021,8,17,4,32000
635,キングストン,KF430C15RB1A/16,2021,8,17,4,24000
636,キングストン,KF426C16BB/32,2021,8,17,4,21300
637,キングストン,KF432S20IB/32,2021,8,17,4,25600
638,キングストン,KF426S16IB/32,2021,8,17,4,21300
639,キングストン,KF426C16BBA/32,2021,8,17,4,21300
640,キングストン,KF430C15BB1A/16,2021,8,17,4,24000
641,キングストン,KF436C18BB/32,2021,8,17,4,28800
642,キングストン,KF436C18RB/32,2021,8,17,4,28800
643,キングストン,KF436C18BBA/32,2021,8,17,4,28800
644,キングストン,KF432C16RBA/32,2021,8,17,4,25600
645,キングストン,KF436C18RBA/32,2021,8,17,4,28800
646,キングストン,KF432C16BB1A/16,2021,8,17,4,25600
647,キングストン,KSM29ED8/32HA,2021,8,17,4,23400
648,キングストン,KF430C16BB/32,2021,8,13,4,24000
649,キングストン,KF432C16RB/32,2021,8,13,4,25600
650,キングストン,KF430C16RBA/32,2021,8,13,4,24000
651,キングストン,KF432C16BB/32,2021,8,13,4,25600
652,キングストン,KF426C15RB/32,2021,8,13,4,21300
653,キングストン,KF432C16BBA/32,2021,8,13,4,25600
654,キングストン,KF430C16RB/32,2021,8,13,4,24000
655,キングストン,KF429S17IB/32,2021,8,13,4,23400
656,キングストン,KF430C16BBA/32,2021,8,13,4,24000
657,CENTURY MICRO,CB64G-D4RE213342,2021,8,6,4,17000
658,CENTURY MICRO,CB64G-D4RE240042,2021,8,6,4,19200
659,CENTURY MICRO,CB64G-D4RE266642,2021,8,6,4,21300
660,CENTURY MICRO,CB64G-D4RE293342,2021,8,6,4,23400
661,CENTURY MICRO,CB64G-D4RE320042,2021,8,6,4,25600
662,crucial,CT16G4SFRA32A,2021,7,28,4,25600
663,crucial,CT8G4DFRA32A,2021,7,20,4,25600
664,crucial,CT16G4DFRA32A,2021,7,20,4,25600
665,crucial,CT16G4SFRA266,2021,7,20,4,21300
666,PNY,MD8GSD42666BL,2021,7,12,4,21300
667,PNY,MD8GD4266616XR,2021,7,12,4,21300
668,Team,TTZD48G2666HC1901,2021,7,6,4,21300
669,Team,TTZD48G3200HC2001,2021,7,6,4,25600
670,Team,TTZD416G2666HC1901,2021,7,6,4,21300
671,Team,TTZD416G3200HC2001,2021,7,6,4,25600
672,Team,TTZD432G2666HC1901,2021,7,6,4,21300
673,Team,TTZD432G3200HC2001,2021,7,6,4,25600
674,トランセンド,JM3200HSB-16G,2021,7,1,4,25600
675,トランセンド,JM3200HLB-16G,2021,7,1,4,25600
676,ADATA,AD4S26664G19-RGN,2021,6,30,4,21300
677,トランセンド,TS2666HLG-8G,2021,6,14,4,21300
678,トランセンド,TS2666HSG-8G,2021,6,14,4,21300
679,Team,TTCCD48G2666HC19-S01,2021,6,1,4,21300
680,Team,TTCCD48G3200HC22-S01,2021,6,1,4,25600
681,Team,TTCCD416G2666HC19-S01,2021,6,1,4,21300
682,Team,TTCCD416G3200HC22-S01,2021,6,1,4,25600
683,Team,TTCCD432G2666HC19-S01,2021,6,1,4,21300
684,Team,TTCCD432G3200HC22-S01,2021,6,1,4,25600
685,Team,TED44G2666C1901,2021,5,27,4,21300
686,Team,TED48G2666C1901,2021,5,27,4,21300
687,Team,TED44G3200C2201,2021,5,27,4,25600
688,Team,TED48G3200C22-S01,2021,5,27,4,25600
689,Team,TED48G3200C2201,2021,5,27,4,25600
690,Team,TED416G2666C19-S01,2021,5,27,4,21300
691,Team,TED416G2666C1901,2021,5,27,4,21300
692,Team,TED416G3200C2201,2021,5,27,4,25600
693,Team,TED416G3200C22-S01,2021,5,27,4,25600
694,Team,TED432G3200C2201,2021,5,27,4,25600
695,Team,TED432G2666C19-S01,2021,5,27,4,21300
696,Team,TED432G3200C22-S01,2021,5,27,4,25600
697,サムスン,M378A4G43AB1-CWE,2021,5,14,4,25600
698,Lexar,LD4AS008G-R2666G,2021,4,19,4,21300
699,Lexar,LD4AU016G-R2666G,2021,4,19,4,21300
700,Lexar,LD4AS016G-R2666G,2021,4,19,4,21300
701,キングストン,KSM26ED8/16HD,2021,4,14,4,21300
702,ADTEC,ADS2133D-E4GSB,2021,4,9,4,17000
703,ADTEC,ADS2400D-E4GSB,2021,4,9,4,19200
704,ADTEC,ADS2666D-E8GSB,2021,4,9,4,21300
705,ADTEC,ADS2400D-E8GSB,2021,4,9,4,19200
706,ADTEC,ADS2133D-E8GSB,2021,4,9,4,17000
707,ADTEC,ADS2666D-E16GDB,2021,4,9,4,21300
708,ADTEC,ADS2666D-E16GSB,2021,4,9,4,21300
709,ADTEC,ADS2133D-E16GDB,2021,4,9,4,17000
710,ADTEC,ADS2400D-E16GDB,2021,4,9,4,19200
711,ADTEC,ADS2400D-E16GSB,2021,4,9,4,19200
712,ADTEC,ADS2933D-E16GSB,2021,4,5,4,23400
713,ADATA,AD4S26668G19-RGN,2021,3,26,4,21300
714,ADATA,AD4S32008G22-RGN,2021,3,26,4,25600
715,ADATA,AD4S266616G19-RGN,2021,3,26,4,21300
716,ADATA,AD4S3200732G22-RGN,2021,3,26,4,25600
717,Micron,MTA18ASF2G72AZ-2G6E2,2021,3,18,4,21333
718,Micron,MTA72ASS8G72LZ-2G6J1,2021,3,11,4,21333
719,Micron,MTA9ASF2G72PZ-3G2B1,2021,3,10,4,25600
720,crucial,CT8G4S266M,2021,3,9,4,21300
721,crucial,CT16G4SFS832A,2021,3,9,4,25600
722,crucial,CT16G4S266M,2021,3,9,4,21300
723,crucial,CT32G4S266M,2021,3,9,4,21300
724,サムスン,M378A1G44AB0-CWE,2021,3,4,4,25600
725,キングストン,KTD-PE432/64G,2021,3,1,4,25600
726,キングストン,KTH-PL432/64G,2021,3,1,4,25600
727,キングストン,KTD-PE429LQ/64G,2021,3,1,4,23400
728,キングストン,KSM32RD4/64HAR,2021,3,1,4,25600
729,キングストン,KSM26RD4/64HAR,2021,3,1,4,21300
730,キングストン,KSM26RD4/64MER,2021,3,1,4,21300
731,キングストン,KSM29LQ4/64HCM,2021,3,1,4,23400
732,キングストン,KSM29RD4/64HAR,2021,3,1,4,23400
733,キングストン,KSM26LQ4/64HCI,2021,3,1,4,21300
734,キングストン,KSM26LQ4/64HCM,2021,3,1,4,21300
735,キングストン,KTD-PE429/64G,2021,3,1,4,23400
736,キングストン,KTH-PL429/64G,2021,3,1,4,23400
737,キングストン,KTL-TS429/64G,2021,3,1,4,23400
738,キングストン,KCS-UC429/64G,2021,3,1,4,23400
739,キングストン,KTL-TS432/64G,2021,3,1,4,25600
740,Team,TED3L2G1600C11-S01,2021,2,24,3,12800
741,Corsair,CMK16GX4M1Z3600C18,2021,2,24,4,28800
742,トランセンド,JM3200HLH-4G,2021,2,16,4,25600
743,トランセンド,JM3200HSH-4G,2021,2,16,4,25600
744,トランセンド,TS3200HSG-8G,2021,2,16,4,25600
745,G.Skill,F4-2666C19S-32GNT,2021,2,9,4,21300
746,G.Skill,F4-2666C19S-32GVK,2021,2,9,4,21300
747,G.Skill,F4-2666C19S-32GRS,2021,2,9,4,21300
748,グリーンハウス,GH-DNF3200-8GB,2021,1,19,4,25600
749,グリーンハウス,GH-DRF3200-8GB,2021,1,19,4,25600
750,グリーンハウス,GH-DNF3200-16GB,2021,1,19,4,25600
751,グリーンハウス,GH-DRF3200-16GB,2021,1,19,4,25600
752,サムスン,M378A2G43AB3-CWE,2021,1,19,4,25600
753,グリーンハウス,GH-DNF3200-32GB,2021,1,19,4,25600
754,グリーンハウス,GH-DRF3200-32GB,2021,1,19,4,25600
755,CFD,CFD Selection D4N3200CM-16GR,2021,1,12,4,25600
756,CFD,CFD Selection D4N3200CM-8GR,2021,1,12,4,25600
757,CFD,CFD Selection D4N2666CM-8GR,2021,1,12,4,21300
758,CFD,CFD Selection D4N2666CM-16GR,2021,1,12,4,21300
759,キングストン,KVR32S22S8/8,2020,12,1,4,25600
760,キングストン,KVR32S22S8/16,2020,12,1,4,25600
761,キングストン,KVR26S19D8/32,2020,12,1,4,21300
762,キングストン,KVR32S22D8/16,2020,12,1,4,25600
763,キングストン,KSM26RS4/32MEI,2020,12,1,4,21300
764,キングストン,KSM26SED8/16HD,2020,11,27,4,21300
765,キングストン,KSM26RD4/32HDI,2020,11,27,4,21300
766,キングストン,KSM29ED8/32ME,2020,11,27,4,23400
767,サムスン,M378A5244CB0-CTD,2020,10,16,4,21300
768,Corsair,CMV32GX4M1A2666C18,2020,10,14,4,21300
769,Corsair,CMSX32GX4M1A2666C18,2020,10,14,4,21300
770,トランセンド,JM3200HSG-8G,2020,10,13,4,25600
771,トランセンド,JM3200HLG-8G,2020,10,13,4,25600
772,ADTEC,ADS2933D-E8GSB,2020,9,16,4,23400
773,ADTEC,ADS2400N-HE8G,2020,9,16,4,19200
774,ADTEC,ADS2400N-E16G,2020,9,16,4,19200
775,ADTEC,ADS2933D-E16GDB,2020,9,16,4,23400
776,ADTEC,ADS2933D-E32GDB,2020,9,16,4,23400
777,トランセンド,JM3200HSE-32G,2020,9,3,4,25600
778,トランセンド,TS1GHR72V6B,2020,9,3,4,21300
779,トランセンド,JM3200HLE-32G,2020,8,4,4,25600
780,サムスン,M471A2K43CB1-CTD,2020,7,30,4,21300
781,トランセンド,JM3200HSE-16G,2020,7,27,4,25600
782,トランセンド,JM3200HLE-16G,2020,7,27,4,25600
783,G.Skill,F4-2400C17S-4GIS,2020,7,15,4,19200
784,G.Skill,F4-2666C19S-8GIS,2020,7,15,4,21300
785,G.Skill,F4-2800C17S-8GIS,2020,7,15,4,22400
786,G.Skill,F4-3200C16S-8GIS,2020,7,15,4,25600
787,G.Skill,F4-2400C17S-16GIS,2020,7,15,4,19200
788,G.Skill,F4-3200C16S-16GIS,2020,7,15,4,25600
789,トランセンド,JM3200HLB-8G,2020,7,14,4,25600
790,トランセンド,JM3200HSB-8G,2020,7,14,4,25600
791,ADTEC,ADS3200D-H8G,2020,7,13,4,25600
792,ADTEC,ADS2933D-H8G,2020,7,13,4,23400
793,ADTEC,ADS3200N-H8G,2020,7,13,4,25600
794,ADTEC,ADS2933N-H8G,2020,7,13,4,23400
795,ADTEC,ADS2933D-16G,2020,7,13,4,23400
796,ADTEC,ADS2933N-16G,2020,7,13,4,23400
797,ADTEC,ADS3200D-16G,2020,7,13,4,25600
798,ADTEC,ADS3200N-16G,2020,7,13,4,25600
799,ADTEC,ADS2933D-32G,2020,7,13,4,23400
800,ADTEC,ADS2933N-32G,2020,7,13,4,23400
801,ADTEC,ADS3200D-32G,2020,7,13,4,25600
802,ADTEC,ADS3200N-32G,2020,7,13,4,25600
803,エレコム,EV1600-N8G/RO,2020,7,10,3,12800
804,G.Skill,F4-3200C22S-8GRS,2020,7,8,4,25600
805,G.Skill,F4-3200C22S-16GRS,2020,7,8,4,25600
806,G.Skill,F4-3200C22S-32GRS,2020,7,8,4,25600
807,ADATA,AD4S2666732G19-RGN,2020,6,10,4,21300
808,ADATA,AD4S2666716G19-RGN,2020,6,10,4,21300
809,トランセンド,TS2666HSE-32G,2020,6,10,4,21300
810,crucial,CT32G4SFD832A,2020,5,20,4,25600
811,crucial,CT32G4DFD832A,2020,5,20,4,25600
812,IODATA,DZ2666-16G,2020,5,13,4,21300
813,IODATA,SDZ2666-16G,2020,5,13,4,21300
814,トランセンド,JM2666HLG-8G,2020,4,28,4,21300
815,トランセンド,JM2666HSG-8G,2020,4,28,4,21300
816,トランセンド,JM2666HSE-16G,2020,4,28,4,21300
817,トランセンド,JM2666HLE-16G,2020,4,28,4,21300
818,トランセンド,JM2666HLE-32G,2020,4,28,4,21300
819,トランセンド,JM2666HSE-32G,2020,4,28,4,21300
820,トランセンド,TS2666HLE-32G,2020,4,28,4,21300
821,ADTEC,ADM2933D-R8GSB,2020,3,5,4,23400
822,ADTEC,ADM2933D-R16GSA,2020,3,5,4,23400
823,ADTEC,ADM2933D-R32GDA,2020,3,5,4,23400
824,ADTEC,ADM2933D-R64GDA,2020,3,5,4,23400
825,サムスン,M378A1K43CB2-CTD,2020,2,28,4,21300
826,トランセンド,TS2666HSH-4G,2020,2,26,4,21300
827,トランセンド,TS2666HLH-4G,2020,2,26,4,21300
828,トランセンド,TS2666HSB-8G,2020,2,26,4,21300
829,トランセンド,TS2666HLB-8G,2020,2,26,4,21300
830,トランセンド,TS2666HSB-16G,2020,2,26,4,21300
831,トランセンド,TS2666HLB-16G,2020,2,26,4,21300
832,キングストン,KVR32N22S6/4,2020,1,31,4,25600
833,G.Skill,F4-2666C19S-16GIS,2020,1,31,4,21300
834,キングストン,HX436C17FB3/8,2020,1,31,4,28800
835,G.Skill,F4-3000C16S-16GISB,2020,1,31,4,24000
836,crucial,CT32G4SFD8266,2020,1,31,4,21300
837,crucial,CT32G4DFD8266,2020,1,31,4,21300
838,CFD,D4U2400PS-16G,2020,1,6,4,19200
839,G.Skill,F4-2666C19S-16GRS,2019,12,13,4,21300
840,G.Skill,F4-2666C18S-4GRS,2019,12,11,4,21300
841,G.Skill,F4-3200C18S-8GRS,2019,12,11,4,25600
842,G.Skill,F4-3200C18S-16GRS,2019,12,11,4,25600
843,G.Skill,F4-2666C18S-32GRS,2019,12,11,4,21300
844,G.Skill,F4-2400C17S-4GNT,2019,12,4,4,19200
845,G.Skill,F4-2133C15S-4GNT,2019,12,3,4,17000
846,G.Skill,F4-2133C15S-8GNT,2019,12,3,4,17000
847,G.Skill,F4-2400C15S-8GNT,2019,12,3,4,19200
848,ESSENCORE,KLEVV KD48GU880-32A160W,2019,11,29,4,25600
849,G.Skill,F4-2666C18S-32GVK,2019,11,18,4,21300
850,G.Skill,F4-3200C16S-32GVK,2019,11,18,4,25600
851,Team,TED432G2666C1901,2019,10,18,4,21300
852,トランセンド,JetRam JM2666HSB-16G,2019,9,27,4,21300
853,トランセンド,TS4GSH64V6E,2019,9,18,4,21300
854,トランセンド,TS4GLH64V6E,2019,9,18,4,21300
855,トランセンド,TS4GLH72V6E,2019,9,18,4,21300
856,トランセンド,JetRam JM2666HLB-16G,2019,9,17,4,21300
857,IODATA,DZ2666-4G/EC,2019,9,5,4,21300
858,IODATA,SDZ2666-4G/EC,2019,9,5,4,21300
859,IODATA,SDZ2666-8G/EC,2019,9,5,4,21300
860,IODATA,DZ2666-8G/EC,2019,9,5,4,21300
861,ADATA,AD4S240038G17-R,2019,8,23,4,19200
862,バッファロー,MV-D3N1600-LX2G,2019,8,13,3,12800
863,バッファロー,MV-D3U1600-S4G,2019,8,13,3,12800
864,Lenovo,4X70P98201,2019,8,13,4,21300
865,ADTEC,ADS2133D-R4GS,2019,8,7,4,17000
866,ADTEC,ADS2133D-R8GSB,2019,8,7,4,17000
867,ADTEC,ADS2400D-R8GSB,2019,8,7,4,19200
868,ADTEC,ADS2133D-R16GDB,2019,8,7,4,17000
869,ADTEC,ADS2400D-R16GDB,2019,8,7,4,19200
870,ADTEC,ADS2400D-R16GS,2019,8,7,4,19200
871,ADTEC,ADS2133D-R32GD,2019,8,7,4,17000
872,ADTEC,ADS2400D-R32GD,2019,8,7,4,19200
873,crucial,CT4G4DFS8266,2019,7,30,4,21300
874,crucial,CT4G4SFS8266,2019,7,30,4,21300
875,crucial,CT8G4SFS832A,2019,7,25,4,25600
876,crucial,CT16G4SFD832A,2019,7,25,4,25600
877,UMAX,UM-DDR3S-1600-4GB,2019,7,19,3,12800
878,UMAX,UM-DDR4S-2400-4GB,2019,7,19,4,19200
879,UMAX,UM-DDR4S-2666-4GB,2019,7,19,4,21300
880,UMAX,UM-SODDR3S-1600-4G,2019,7,19,3,12800
881,UMAX,UM-SODDR4S-2400-4G,2019,7,19,4,19200
882,UMAX,UM-SODDR4S-2666-4G,2019,7,19,4,21300
883,UMAX,UM-DDR4S-3000-8GB,2019,7,19,4,24000
884,UMAX,UM-DDR4S-2400-8GB,2019,7,19,4,19200
885,UMAX,UM-DDR4S-2666-8GB,2019,7,19,4,21300
886,UMAX,UM-DDR4S-3200-8GB,2019,7,19,4,25600
887,UMAX,UM-SODDR4S-2400-8G,2019,7,19,4,19200
888,UMAX,UM-SODDR4S-2666-8G,2019,7,19,4,21300
889,UMAX,UM-DDR3S-1600-8GB,2019,7,19,3,12800
890,UMAX,UM-SODDR3S-1600-8G,2019,7,19,3,12800
891,UMAX,UM-DDR4S-2400-16GB,2019,7,19,4,19200
892,UMAX,UM-DDR4S-2666-16GB,2019,7,19,4,21300
893,UMAX,UM-SODDR4S-2400-16G,2019,7,19,4,19200
894,UMAX,UM-SODDR4S-2666-16G,2019,7,19,4,21300
895,UMAX,UM-DDR4S-3200-16GB,2019,7,19,4,25600
896,J&A Information,LEVEN JR3U1600172308-4M,2019,6,24,3,12800
897,J&A Information,LEVEN JR4U2666172408-8M,2019,6,24,4,21300
898,トランセンド,TS512MLH64V6H,2019,6,18,4,21300
899,トランセンド,TS512MSH64V6H,2019,6,18,4,21300
900,トランセンド,TS1GLH72V6B,2019,6,18,4,21300
901,ADATA,AD4S2666J4G19-R,2019,6,14,4,21300
902,crucial,CT8G4DFS832A,2019,6,13,4,25600
903,ADTEC,ADS2933D-R8GSB,2019,5,23,4,23400
904,ADTEC,ADS2933D-R16GSA,2019,5,23,4,23400
905,ADTEC,ADS2933D-R32GDA,2019,5,23,4,23400
906,ADTEC,ADS2933D-R64GDA,2019,5,23,4,23400
907,IODATA,SDZ2133-8GR/ST,2019,5,15,4,17000
908,IODATA,SDZ2133-4GR,2019,5,15,4,17000
909,IODATA,DZ2133-4GR,2019,5,15,4,17000
910,IODATA,SDZ2133-8GR,2019,5,15,4,17000
911,IODATA,DZ2133-8GR,2019,5,15,4,17000
912,エレコム,EW2666-16G/RO,2019,4,23,4,21300
913,G.Skill,F4-2666C19S-8GRS,2019,4,1,4,21300
914,IODATA,DZ2666-4G,2019,2,20,4,21300
915,IODATA,SDZ2666-4G,2019,2,20,4,21300
916,IODATA,SDZ2666-8G,2019,2,20,4,21300
917,IODATA,DZ2666-8G,2019,2,20,4,21300
918,Team,TED44G2666C19-S01,2019,2,18,4,21300
919,Team,TED48G2666C19-S01,2019,2,18,4,21300
920,キングストン,KSM26LQ4/64HAM,2019,2,6,4,21300
921,IODATA,SDY1600L-4GR/ST,2019,2,1,3,12800
922,IODATA,DY1600-4GR/ST,2019,2,1,3,12800
923,IODATA,DY1600-8GR/ST,2019,2,1,3,12800
924,IODATA,SDY1600L-H4GR,2019,2,1,3,12800
925,IODATA,SDY1600L-4GR,2019,2,1,3,12800
926,IODATA,DY1600-4GR,2019,2,1,3,12800
927,IODATA,DY1600-8GR,2019,2,1,3,12800
928,IODATA,SDY1600L-8GR,2019,2,1,3,12800
929,キングストン,KVR26N19S6/4,2019,1,25,4,21300
930,キングストン,KVR26S19S8/8,2019,1,25,4,21300
931,プリンストン,PDD4/2666-4G,2019,1,24,4,21300
932,プリンストン,PDN4/2666-4G,2019,1,24,4,21300
933,ADTEC,ADS2666N-HE8G,2019,1,24,4,21300
934,プリンストン,PDN4/2666-8G,2019,1,24,4,21300
935,ADTEC,ADS2666N-E16G,2019,1,24,4,21300
936,プリンストン,PDN4/2666-16G,2019,1,24,4,21300
937,ESSENCORE,KLEVV KD4AGU880-32A160T,2019,1,11,4,25600
938,CENTURY MICRO,CD8G-SOD4U2666H,2018,12,19,4,21300
939,Silicon Power,SP004GLLTU160N02,2018,12,14,3,12800
940,Silicon Power,SP008GLLTU160N02,2018,12,14,3,12800
941,グリーンハウス,GH-DS2666ECA8-8G,2018,12,5,4,21300
942,グリーンハウス,GH-DS2666ECA8-16G,2018,12,5,4,21300
943,バッファロー,MV-D4N2400-S4G,2018,11,19,4,19200
944,バッファロー,MV-D4N2400-B8G,2018,11,19,4,19200
945,エレコム,EW2666-N4G/RO,2018,11,14,4,21300
946,エレコム,EW2666-4G/RO,2018,11,14,4,21300
947,エレコム,EW2666-8G/RO,2018,11,14,4,21300
948,エレコム,EW2666-N8G/RO,2018,11,14,4,21300
949,ADTEC,ADM2666N-H8G,2018,11,14,4,21300
950,ADTEC,ADM2666N-16G,2018,11,14,4,21300
951,ESSENCORE,KLEVV KD48GU880-32A160T,2018,11,8,4,25600
952,トランセンド,JetRam JM2666HSH-4G,2018,11,7,4,21300
953,トランセンド,JetRam JM2666HLH-4G,2018,11,7,4,21300
954,Corsair,CMV4GX4M1A2400C16,2018,11,7,4,19200
955,トランセンド,JetRam JM2666HSB-8G,2018,11,7,4,21300
956,トランセンド,JetRam JM2666HLB-8G,2018,11,7,4,21300
957,トランセンド,TS1GSH64V6B,2018,11,7,4,21300
958,トランセンド,TS1GLH64V6B,2018,11,7,4,21300
959,トランセンド,TS2GLH64V6B,2018,11,7,4,21300
960,トランセンド,TS2GSH64V6B,2018,11,7,4,21300
961,IODATA,SDZ2400-4G/ST,2018,10,24,4,19200
962,IODATA,SDZ2400-4G,2018,10,24,4,19200
963,IODATA,DZ2400-4G,2018,10,24,4,19200
964,IODATA,SDZ2400-8G,2018,10,24,4,19200
965,IODATA,DZ2400-8G,2018,10,24,4,19200
966,グリーンハウス,GH-DS2400REA8-8G,2018,10,24,4,19200
967,グリーンハウス,GH-DS2400REA8-16G,2018,10,24,4,19200
968,CFD,D4U2666PS-8GC19,2018,8,27,4,21300
969,CFD,D4U2666PS-16GC19,2018,8,27,4,21300
970,グリーンハウス,GH-DNF2666-4GB,2018,8,6,4,21300
971,グリーンハウス,GH-DRF2666-4GB,2018,8,6,4,21300
972,グリーンハウス,GH-DNF2666-8GB,2018,8,6,4,21300
973,グリーンハウス,GH-DRF2666-8GB,2018,8,6,4,21300
974,グリーンハウス,GH-DNF2666-16GB,2018,8,6,4,21300
975,グリーンハウス,GH-DRF2666-16GB,2018,8,6,4,21300
976,キングストン,KVR26S19S6/4,2018,8,2,4,21300
977,キングストン,KCS-UC426/16G,2018,8,2,4,21300
978,キングストン,KVR26S19D8/16,2018,8,2,4,21300
979,キングストン,KCS-UC426/32G,2018,8,2,4,21300
980,CFD,D4U2400PS-4GC17,2018,7,18,4,19200
981,CFD,D4U2400PS-8GC17,2018,7,18,4,19200
982,ADTEC,ADS2666D-X4G,2018,7,3,4,21300
983,ADTEC,ADS2666N-X4G,2018,7,3,4,21300
984,ADTEC,ADS2666D-H8G,2018,7,3,4,21300
985,ADTEC,ADS2666N-H8G,2018,7,3,4,21300
986,ADTEC,ADS2666N-16G,2018,7,3,4,21300
987,ADTEC,ADS2666D-16G,2018,7,3,4,21300
988,CFD,D4U2666PS-4GC19,2018,6,29,4,21300
989,Corsair,CMK8GX4M1D3000C16,2018,6,14,4,24000
990,Corsair,CMK16GX4M1D3000C16,2018,6,14,4,24000
991,ADTEC,ADS2400N-X4G,2018,5,30,4,19200
992,ADTEC,ADS2133D-X4G,2018,5,30,4,17000
993,ADTEC,ADS2400D-X4G,2018,5,30,4,19200
994,ADTEC,ADS2133D-H8G,2018,5,30,4,17000
995,CENTURY MICRO,CD8G-D3UE1066,2018,4,12,3,8500
996,CFD,D4N2400PS-4G,2018,4,9,4,19200
997,CFD,D4N2400PS-8G,2018,4,9,4,19200
998,CFD,D4N2666PS-16G,2018,4,9,4,21300
999,CFD,CFD Selection D4N2666CM-16G,2018,4,9,4,21300
1000,キングストン,KTH-PL426/16G,2018,4,2,4,21300
1001,G.Skill,F4-2666C19S-8GNT,2018,3,29,4,21300
1002,G.Skill,F4-2400C15S-4GNT,2018,3,8,4,19200
1003,G.Skill,F4-2400C16S-4GRS,2018,3,8,4,19200
1004,ヤダイ,YD4/2133-4G,2018,2,21,4,17000
1005,ヤダイ,YD4/2400-4G,2018,2,21,4,19200
1006,ヤダイ,YD4/2400-8G,2018,2,21,4,19200
1007,ヤダイ,YD4/2133-8G,2018,2,21,4,17000
1008,CENTURY MICRO,CD2G-D3U1066,2018,2,21,3,8500
1009,ヤダイ,YD4/2133-16G,2018,2,21,4,17000
1010,ヤダイ,YD4/2400-16G,2018,2,21,4,19200
1011,サムスン,M471A5244CB0-CRC,2018,2,9,4,19200
1012,サムスン,M471A1K43CB1-CRC,2018,2,9,4,19200
1013,ADTEC,ADS2666D-R8GS,2018,2,2,4,21300
1014,ADTEC,ADS2666D-R16GD,2018,2,2,4,21300
1015,ADTEC,ADS2666D-R16GS,2018,2,2,4,21300
1016,ADTEC,ADS2666D-R32GD,2018,2,2,4,21300
1017,パナソニック,CF-BAF04GU,2018,2,1,3,12800
1018,プリンストン,PDD4/2666-8G,2017,12,8,4,21300
1019,プリンストン,PDD4/2666-16G,2017,12,8,4,21300
1020,CFD,D4N2666PS-8G,2017,11,2,4,21300
1021,Corsair,CMV8GX4M1A2400C16,2017,9,22,4,19200
1022,Corsair,CMV16GX4M1A2400C16,2017,9,22,4,19200
1023,Corsair,CMK16GX4M1A2400C16,2017,9,22,4,19200
1024,トランセンド,TS1GHR72V4B,2017,9,15,4,19200
1025,crucial,BLS4G4D26BFSB,2017,9,15,4,21300
1026,CENTURY MICRO,CD8G-SOD3U1866,2017,9,15,3,14900
1027,トランセンド,TS2GSH72V4B,2017,9,15,4,19200
1028,CENTURY MICRO,CD8G-SOD3LU1866,2017,9,12,3,14900
1029,CENTURY MICRO,CD8G-D3UE1866,2017,9,12,3,14900
1030,Corsair,CMK8GX4M1A2400C16R,2017,9,8,4,19200
1031,crucial,CT8G4S24AM,2017,9,8,4,19200
1032,Corsair,CMK8GX4M1A2400C16,2017,9,8,4,19200
1033,CENTURY MICRO,CD4G-D3RE1600VL81,2017,9,8,3,12800
1034,G.Skill,F4-2400C17S-8GNT,2017,8,22,4,19200
1035,G.Skill,F4-2400C17S-8GIS,2017,8,22,4,19200
1036,G.Skill,F4-3000C16S-8GISB,2017,8,14,4,24000
1037,G.Skill,F4-3000C16S-8GRS,2017,8,14,4,24000
1038,G.Skill,F4-3000C16S-16GRS,2017,8,14,4,24000
1039,G.Skill,F4-2800C17S-8GVR,2017,8,4,4,22400
1040,キングストン,KVR26N19S8/8,2017,7,27,4,21300
1041,キングストン,KVR26N19D8/16,2017,7,27,4,21300
1042,G.Skill,F4-2133C15S-4GIS,2017,7,25,4,17000
1043,G.Skill,F4-2133C15S-4GRS,2017,7,25,4,17000
1044,G.Skill,F4-2400C15S-4GIS,2017,7,25,4,19200
1045,G.Skill,F4-2133C15S-8GIS,2017,7,25,4,17000
1046,G.Skill,F4-2133C15S-8GRS,2017,7,25,4,17000
1047,G.Skill,F4-2400C16S-8GRS,2017,7,25,4,19200
1048,G.Skill,F4-2400C15S-8GIS,2017,7,25,4,19200
1049,G.Skill,F4-2666C18S-8GRS,2017,7,25,4,21300
1050,G.Skill,F4-2133C15S-16GIS,2017,7,25,4,17000
1051,G.Skill,F4-2400C15S-16GIS,2017,7,25,4,19200
1052,G.Skill,F4-2133C15S-16GRS,2017,7,25,4,17000
1053,G.Skill,F4-2400C16S-16GRS,2017,7,25,4,19200
1054,G.Skill,F4-2666C18S-16GRS,2017,7,25,4,21300
1055,グリーンハウス,GH-DNF2400-4GB,2017,7,24,4,19200
1056,グリーンハウス,GH-DRF2400-4GB,2017,7,24,4,19200
1057,グリーンハウス,GH-DNF2400-8GB,2017,7,24,4,19200
1058,グリーンハウス,GH-DRF2400-8GB,2017,7,24,4,19200
1059,グリーンハウス,GH-DNF2400-16GB,2017,7,24,4,19200
1060,グリーンハウス,GH-DRF2400-16GB,2017,7,24,4,19200
1061,G.Skill,F4-3200C16S-16GVK,2017,7,18,4,25600
1062,IODATA,SDZ2133-8G/EC,2017,7,13,4,17000
1063,IODATA,DZ2133-8G/EC,2017,7,13,4,17000
1064,CENTURY MICRO,CD4G-D3RE1866VL81,2017,7,5,3,14900
1065,CENTURY MICRO,CD16G-D3RE1866L42,2017,7,5,3,14900
1066,Patriot Memory,PV38G160LC9S,2017,7,4,3,12800
1067,トランセンド,TS512MSH64V4H,2017,6,27,4,19200
1068,トランセンド,TS512MLH64V4H,2017,6,27,4,19200
1069,トランセンド,TS1GHR72V4H,2017,6,27,4,19200
1070,トランセンド,TS1GSH64V4B,2017,6,27,4,19200
1071,ADTEC,ADS2400N-4G,2017,6,27,4,19200
1072,ADTEC,ADS2400N-H8G,2017,6,27,4,19200
1073,ADTEC,ADM2400N-4G,2017,6,27,4,19200
1074,トランセンド,TS1GLH64V4H,2017,6,27,4,19200
1075,トランセンド,TS1GSH64V4H,2017,6,27,4,19200
1076,ADTEC,ADM2400N-H8G,2017,6,27,4,19200
1077,ADTEC,ADS2400N-16G,2017,6,27,4,19200
1078,ADTEC,ADM2400N-16G,2017,6,27,4,19200
1079,トランセンド,TS4GHR72V4C,2017,6,27,4,19200
1080,ARCHISS,AS-2400D4-4G-MJ,2017,6,9,4,19200
1081,ARCHISS,AS-2400D4-8G-MJ,2017,6,9,4,19200
1082,ARCHISS,AS-2400D4-16G-MJ,2017,6,9,4,19200
1083,ARCHISS,AS-2133D4-16G-MJ,2017,6,9,4,17000
1084,CENTURY MICRO,CD2G-SOD3LUE1333,2017,3,30,3,10600
1085,CENTURY MICRO,CD4G-SOD3LUE1333,2017,3,30,3,10600
1086,CENTURY MICRO,CD2G-SOD3UE1333,2017,3,30,3,10600
1087,CENTURY MICRO,CD8G-SOD3LUE1333,2017,3,30,3,10600
1088,プリンストン,PDD4/2400-4G,2017,2,20,4,19200
1089,プリンストン,PDN4/2400-4G,2017,2,20,4,19200
1090,プリンストン,PDN4/2400-8G,2017,2,20,4,19200
1091,プリンストン,PDD4/2400-8G,2017,2,20,4,19200
1092,プリンストン,PDD4/2400-16G,2017,2,20,4,19200
1093,プリンストン,PDN4/2400-16G,2017,2,20,4,19200
1094,プリンストン,PDD4/2133-A8G,2017,2,20,4,17000
1095,プリンストン,PDN4/2133-A8G,2017,2,20,4,17000
1096,エレコム,EW2400-4G/RO,2017,2,14,4,19200
1097,エレコム,EW2400-N4G/RO,2017,2,14,4,19200
1098,エレコム,EW2400-N8G/RO,2017,2,14,4,19200
1099,エレコム,EW2400-8G/RO,2017,2,14,4,19200
1100,グリーンハウス,GH-DVT1600LV-4GH,2017,1,11,3,12800
1101,グリーンハウス,GH-DVT1600LV-8GB,2017,1,11,3,12800
1102,ADTEC,ADS2400D-H8G,2016,12,16,4,19200
1103,ADTEC,ADS2400D-16G,2016,12,16,4,19200
1104,ADTEC,ADS12800D-LH2G,2016,12,2,3,12800
1105,ADTEC,ADS12800D-LH4G,2016,12,2,3,12800
1106,ADTEC,ADS12800D-L8G,2016,12,2,3,12800
1107,ADTEC,ADS2133D-16G,2016,11,30,4,17000
1108,バッファロー,D4N2400-S4G,2016,10,5,4,19200
1109,バッファロー,D4U2400-S4G,2016,10,5,4,19200
1110,バッファロー,D4U2400-B8G,2016,10,5,4,19200
1111,バッファロー,D4N2400-B8G,2016,10,5,4,19200
1112,IBM,00D5044,2016,9,21,3,12800
1113,IBM,46W0672,2016,9,21,3,12800
1114,CFD,CFD Selection D4N2400CM-4G,2016,9,1,4,19200
1115,CFD,CFD Selection D4N2400CM-8G,2016,9,1,4,19200
1116,CFD,CFD Selection D4N2400CM-16G,2016,9,1,4,19200
1117,Corsair,CMK16GX4M1A2666C16,2016,8,31,4,21300
1118,Corsair,CMK16GX4M1B3000C15,2016,8,31,4,24000
1119,プリンストン,PDN3/1333-1G,2016,8,24,3,10600
1120,プリンストン,PDN3/1333-2G,2016,8,24,3,10600
1121,プリンストン,PDN3/1333-4G,2016,8,24,3,10600
1122,プリンストン,PDD3/1066-4G,2016,8,24,3,8500
1123,プリンストン,PDD3/1333-4G,2016,8,24,3,10600
1124,ADTEC,ADS2133N-4G,2016,7,28,4,17000
1125,ADTEC,ADS2133N-16G,2016,7,28,4,17000
1126,ADTEC,ADS2133N-E16G,2016,7,28,4,17000
1127,crucial,CT8G4DFS824A,2016,7,7,4,19200
1128,Corsair,CMSO8GX4M1A2133C15,2016,6,24,4,17000
1129,Corsair,CMSO8GX3M1C1333C9,2016,6,24,3,10600
1130,Corsair,CMSO8GX3M1C1600C11,2016,6,24,3,12800
1131,Corsair,CMSO4GX4M1A2133C15,2016,6,23,4,17000
1132,Corsair,CMSO4GX3M1C1600C11,2016,6,23,3,12800
1133,Corsair,CMSO4GX3M1C1333C9,2016,6,23,3,10600
1134,Corsair,CMV4GX4M1A2133C15,2016,6,22,4,17000
1135,Corsair,CMK4GX4M1A2400C14,2016,6,22,4,19200
1136,Corsair,CMV4GX3M1A1600C11,2016,6,22,3,12800
1137,Corsair,CML4GX3M1A1600C9,2016,6,22,3,12800
1138,Corsair,CMV16GX4M1A2133C15,2016,6,22,4,17000
1139,Corsair,CMX8GX3M1A1600C11,2016,6,22,3,12800
1140,Corsair,CMV8GX3M1A1600C11,2016,6,22,3,12800
1141,ノーブランド,,2016,6,10,3,12800
1142,バッファロー,MV-D3U1600-X2G,2016,6,7,3,12800
1143,プリンストン,PDD4/2133-16G,2016,6,3,4,17000
1144,プリンストン,PDN4/2133-16G,2016,6,3,4,17000
1145,crucial,CT4G4SFS824A,2016,6,2,4,19200
1146,crucial,CT8G4SFS824A,2016,6,2,4,19200
1147,crucial,CT16G4SFD824A,2016,6,2,4,19200
1148,トランセンド,TS1GLH64V4B,2016,5,11,4,19200
1149,トランセンド,TS2GLH64V4B,2016,5,11,4,19200
1150,トランセンド,TS2GSH64V4B,2016,5,11,4,19200
1151,バッファロー,D3U1600-X2G,2016,4,13,3,12800
1152,バッファロー,D3N1600-LX2G,2016,4,13,3,12800
1153,バッファロー,D3U1600-S4G,2016,4,13,3,12800
1154,Silicon Power,SP004GBLTU133N02,2016,4,5,3,10600
1155,エレコム,EW2133-4G/RO,2016,3,8,4,17000
1156,エレコム,EW2133-N4G/RO,2016,3,8,4,17000
1157,エレコム,EW2133-N8G/RO,2016,3,8,4,17000
1158,エレコム,EW2133-8G/RO,2016,3,8,4,17000
1159,トランセンド,TS256MSK72V3N,2016,3,1,3,10600
1160,トランセンド,TS512MLK64V3NL,2016,3,1,3,10600
1161,トランセンド,TS512MSK72V3N,2016,3,1,3,10600
1162,トランセンド,TS1GSK72V6H,2016,3,1,3,12800
1163,トランセンド,TS4GHR72V1C,2016,3,1,4,17000
1164,トランセンド,TS512MLK72V6H,2016,2,29,3,12800
1165,トランセンド,TS512MSK72W6H,2016,2,29,3,12800
1166,トランセンド,TS512MSK64V3H,2016,2,29,3,10600
1167,トランセンド,TS512MKR72W6H,2016,2,29,3,12800
1168,トランセンド,TS512MLK72W6H,2016,2,29,3,12800
1169,トランセンド,TS1GSK72W6H,2016,2,29,3,12800
1170,トランセンド,TS1GLK72W6H,2016,2,29,3,12800
1171,トランセンド,TS1GKR72W6H,2016,2,29,3,12800
1172,トランセンド,TS512MKR72V6N,2016,2,29,3,12800
1173,トランセンド,TS2GKR72V3H,2016,2,29,3,10600
1174,IODATA,SDY1600L-8G/EC,2016,2,10,3,12800
1175,Patriot Memory,PSD38G16002,2016,2,1,3,12800
1176,ヤダイ,YD3/1600L-N2G,2016,1,22,3,12800
1177,ヤダイ,YD2/667-N2G,2016,1,22,2,5300
1178,ヤダイ,YD2/800-N2G,2016,1,22,2,6400
1179,ヤダイ,YD2/800-2G,2016,1,22,2,6400
1180,ヤダイ,YD3/1333-N4G,2016,1,22,3,10600
1181,ヤダイ,YD3/1600-N4G,2016,1,22,3,12800
1182,ヤダイ,YD3/1600-4G,2016,1,22,3,12800
1183,ヤダイ,YD3/1066-N4G,2016,1,22,3,8500
1184,ヤダイ,YD3/1600L-N4G,2016,1,22,3,12800
1185,ヤダイ,YD3/1600-8G,2016,1,22,3,12800
1186,ヤダイ,YD3/1333-N8G,2016,1,22,3,10600
1187,ヤダイ,YD3/1600-N8G,2016,1,22,3,12800
1188,ヤダイ,YD3/1600L-N8G,2016,1,22,3,12800
1189,トランセンド,TS512MLK64W6H,2016,1,13,3,12800
1190,トランセンド,TS256MLK64W6N,2016,1,13,3,12800
1191,トランセンド,TS1GLK64W6H,2016,1,13,3,12800
1192,crucial,CT4G4DFS824A,2016,1,12,4,19200
1193,crucial,CT16G4DFD824A,2016,1,12,4,19200
1194,グリーンハウス,GH-DNF2133-4GB,2016,1,5,4,17000
1195,プリンストン,PDN4/2133-4G,2015,12,18,4,17000
1196,プリンストン,PDN4/2133-8G,2015,12,18,4,17000
1197,CFD,D4N2133PS-4G,2015,12,17,4,17000
1198,CFD,D4N2133PS-8G,2015,12,17,4,17000
1199,エレコム,EV1600L-N8G/RO,2015,12,10,3,12800
1200,トランセンド,TS512MSH72V1H,2015,11,30,4,17000
1201,ADTEC,ADM14900N-L4G,2015,11,30,3,14900
1202,トランセンド,TS2GLH64V1B,2015,11,30,4,17000
1203,トランセンド,TS1GSH72V1H,2015,11,30,4,17000
1204,ADTEC,ADM14900N-L8G,2015,11,30,3,14900
1205,トランセンド,TS2GSH72V1B,2015,11,30,4,17000
1206,トランセンド,TS1GHR72V1H,2015,11,30,4,17000
1207,トランセンド,TS2GLH72V1B,2015,11,30,4,17000
1208,トランセンド,TS1GHR72V1HL,2015,11,30,4,17000
1209,トランセンド,TS2GHR72V1B,2015,11,30,4,17000
1210,トランセンド,TS512MSH64V1H,2015,11,18,4,17000
1211,トランセンド,TS1GSH64V1H,2015,11,18,4,17000
1212,トランセンド,TS2GSH64V1B,2015,11,18,4,17000
1213,ADTEC,ADS12800D-HE4G,2015,11,9,3,12800
1214,ADTEC,ADS12800D-LHE4G,2015,11,9,3,12800
1215,ADTEC,ADS12800D-LRV8GD,2015,11,9,3,12800
1216,グリーンハウス,GH-DNT1333-2GG,2015,10,26,3,10600
1217,IODATA,DY1600-H4G/EC,2015,10,23,3,12800
1218,Silicon Power,SP004GBLTU160N02,2015,10,1,3,12800
1219,Silicon Power,SP004GBSTU160N02,2015,10,1,3,12800
1220,Corsair,CMK8GX4M1A2666C16,2015,9,4,4,21300
1221,Corsair,CMK8GX4M1A2666C16R,2015,9,4,4,21300
1222,キングストン,HX316LC10FB/4,2015,9,3,3,12800
1223,キングストン,HX318LC11FB/4,2015,9,3,3,14900
1224,キングストン,HX316LC10FB/8,2015,9,3,3,12800
1225,キングストン,HX318LC11FB/8,2015,9,3,3,14900
1226,キングストン,HX424S14IB/4,2015,9,2,4,19200
1227,トランセンド,TS512MLH64V1H,2015,8,26,4,17000
1228,トランセンド,TS1GLH64V1H,2015,8,26,4,17000
1229,トランセンド,TS512MLH72V1H,2015,8,26,4,17000
1230,トランセンド,TS1GLH72V1H,2015,8,26,4,17000
1231,IODATA,SDY1600L-H4G/EC,2015,7,30,3,12800
1232,Corsair,CMV8GX4M1A2133C15,2015,7,10,4,17000
1233,プリンストン,PDD4/2133-4G,2015,3,27,4,17000
1234,プリンストン,PDD4/2133-8G,2015,3,27,4,17000
1235,CFD,D3U1600PS-4G,2015,3,24,3,12800
1236,CFD,D3U1600PS-8G,2015,3,24,3,12800
1237,グリーンハウス,GH-DRF2133-4GB,2015,1,30,4,17000
1238,プリンストン,PDD3/1600-A4G,2014,12,5,3,12800
1239,ノーブランド,,2014,11,20,3,12800
1240,IODATA,DZ2133-4G,2014,11,12,4,17000
1241,Team,TSD34096M1600C11C-E,2014,10,28,3,12800
1242,トランセンド,TS512MSK64W6H,2014,8,7,3,12800
1243,トランセンド,TS512MSK64W3N,2014,8,7,3,10600
1244,トランセンド,TS256MSK64W3N,2014,8,7,3,10600
1245,トランセンド,TS512MLK64V6H,2014,8,5,3,12800
1246,トランセンド,TS512MLK64V3H,2014,8,5,3,10600
1247,トランセンド,TS256MLK64V6N,2014,8,5,3,12800
1248,トランセンド,TS512MLK64V6N,2014,8,5,3,12800
1249,キングストン,HX316LS9IB/4,2014,6,24,3,12800
1250,キングストン,HX316LS9IB/8,2014,6,24,3,12800
1251,キングストン,KVR13S9S6/2,2014,5,27,3,10600
1252,キングストン,KVR16LS11S6/2,2014,5,16,3,12800
1253,キングストン,KVR16N11S6/2,2014,5,16,3,12800
1254,キングストン,KVR16S11S6/2,2014,5,16,3,12800
1255,ADTEC,ADS6400DF-1G,2014,4,28,2,6400
1256,ADTEC,ADS5300D-1GME,2014,4,28,2,5300
1257,ADTEC,ADM8500N-2G,2014,4,25,3,8500
1258,ADTEC,ADS12800D-H4G,2014,4,25,3,12800
1259,ADTEC,ADM10600D-R8G,2014,4,25,3,10600
1260,ADTEC,ADS5300D-R4GD,2014,4,25,2,5300
1261,ADTEC,ADS5300D-R8GD,2014,4,25,2,5300
1262,ADTEC,ADS12800D-LE4G,2014,4,24,3,12800
1263,ADTEC,ADM14900D-E4G,2014,4,24,3,14900
1264,ADTEC,ADS12800D-LE8G,2014,4,24,3,12800
1265,ADTEC,ADM14900D-E8G,2014,4,24,3,14900
1266,ADTEC,ADM10600N-1G,2014,4,23,3,10600
1267,ADTEC,ADM12800N-4G,2014,4,23,3,12800
1268,ADTEC,ADM10600N-2G,2014,4,23,3,10600
1269,ADTEC,ADM12800N-8G,2014,4,23,3,12800
1270,ADTEC,ADM10600N-4G,2014,4,23,3,10600
1271,ADTEC,ADM10600N-8G,2014,4,23,3,10600
1272,キングストン,HX318C10FR/4,2014,4,11,3,14900
1273,キングストン,HX316C10FB/4,2014,4,11,3,12800
1274,キングストン,HX316C10F/4,2014,4,11,3,12800
1275,キングストン,HX316C10FR/4,2014,4,11,3,12800
1276,キングストン,HX316C10FW/4,2014,4,11,3,12800
1277,キングストン,HX318C10F/4,2014,4,11,3,14900
1278,キングストン,HX318C10FB/4,2014,4,11,3,14900
1279,キングストン,HX318C10FW/4,2014,4,11,3,14900
1280,キングストン,HX316C10F/8,2014,4,11,3,12800
1281,キングストン,HX316C10FB/8,2014,4,11,3,12800
1282,キングストン,HX316C10FR/8,2014,4,11,3,12800
1283,キングストン,HX316C10FW/8,2014,4,11,3,12800
1284,キングストン,HX318C10F/8,2014,4,11,3,14900
1285,キングストン,HX318C10FB/8,2014,4,11,3,14900
1286,キングストン,HX318C10FR/8,2014,4,11,3,14900
1287,ADATA,AD3U1600W4G11-S,2014,3,28,3,12800
1288,CFD,D3N1600PS-L4G,2014,3,26,3,12800
1289,CFD,D3N1600PS-L8G,2014,3,26,3,12800
1290,プリンストン,PDN3/1600L-A4G,2014,3,17,3,12800
1291,Lenovo,0B47380,2014,3,17,3,12800
1292,Silicon Power,SP004GLSTU160N02,2014,3,4,3,12800
1293,Silicon Power,SP008GLSTU160N02,2014,3,4,3,12800
1294,キングストン,KVR16N11H/8,2014,2,19,3,12800
1295,ADTEC,ADS10600N-H2G,2014,2,18,3,10600
1296,ADTEC,ADS5300N-S1G,2014,2,18,2,5300
1297,ADTEC,ADS6400N-1G,2014,2,18,2,6400
1298,ADTEC,ADS10600N-H4G,2014,2,18,3,10600
1299,ADTEC,ADS8500N-4G,2014,2,18,3,8500
1300,ADTEC,ADS10600D-R8GD,2014,2,17,3,10600
1301,ADTEC,ADS10600D-4G,2014,2,17,3,10600
1302,ADTEC,ADS6400D-E2G,2014,2,17,2,6400
1303,ADTEC,ADS14900D-R8GD,2014,2,17,3,14900
1304,ADTEC,ADS8500D-4G,2014,2,17,3,8500
1305,ADTEC,ADS10600D-E4G,2014,2,17,3,10600
1306,ADTEC,ADS14900D-E4G,2014,2,17,3,14900
1307,ADTEC,ADS10600D-R4GD,2014,2,17,3,10600
1308,ADTEC,ADS14900D-E8G,2014,2,17,3,14900
1309,ADTEC,ADS12800D-LR8GD,2014,2,17,3,12800
1310,ADTEC,ADS12800D-LR8GS,2014,2,17,3,12800
1311,ADTEC,ADS10600D-R16GQ,2014,2,17,3,10600
1312,キングストン,KVR16N11S8H/4,2014,2,14,3,12800
1313,グリーンハウス,GH-DWT1600LV-4GH,2014,2,12,3,12800
1314,グリーンハウス,GH-DNT1600LV-4GH,2014,2,12,3,12800
1315,キングストン,KVR16S11S8/4,2014,2,5,3,12800
1316,キングストン,KVR13S9S8/4,2014,2,5,3,10600
1317,キングストン,KVR16LN11/4,2014,2,4,3,12800
1318,キングストン,KVR16N11S8/4,2014,2,4,3,12800
1319,キングストン,KVR16LN11/8,2014,2,4,3,12800
1320,キングストン,KVR1333D3N9H/8G,2014,2,4,3,10600
1321,ADATA,ADDS1600W4G11-S,2013,12,3,3,12800
1322,ADATA,ADDS1600W8G11-S,2013,12,3,3,12800
1323,ADATA,AD3S1333W8G9-S,2013,12,3,3,10600
1324,トランセンド,TS512MSK64W6N,2013,11,27,3,12800
1325,CFD,D3N1600PS-4G,2013,11,18,3,12800
1326,CFD,D3N1600PS-8G,2013,11,18,3,12800
1327,Silicon Power,SP008GBSTU160N02,2013,11,6,3,12800
1328,Silicon Power,SP008GBLTU160N02,2013,9,25,3,12800
1329,バッファロー,MV-D3N1600-L2G,2013,9,6,3,12800
1330,バッファロー,MV-D3N1600-L4G,2013,9,6,3,12800
1331,バッファロー,MV-D3N1600-L8G,2013,9,6,3,12800
1332,バッファロー,D3N1600-4G/E,2013,9,5,3,12800
1333,バッファロー,D3U1600-4G/E,2013,9,3,3,12800
1334,ARCHISS,AS-1333D3N-4G-MJ,2013,8,29,3,10600
1335,トランセンド,TS256MSK64W6N,2013,8,29,3,12800
1336,トランセンド,TS512MSK64V6H,2013,8,29,3,12800
1337,ARCHISS,AS-1333D3N-8G-MJ,2013,8,29,3,10600
1338,グリーンハウス,GH-DWT1600-4GH,2013,8,27,3,12800
1339,グリーンハウス,GH-DVT1600-4GH,2013,8,27,3,12800
1340,グリーンハウス,GH-DNT1600-4GH,2013,8,27,3,12800
1341,グリーンハウス,GH-DRT1600-4GH,2013,8,27,3,12800
1342,キングストン,KVR16LS11/4,2013,7,31,3,12800
1343,キングストン,KVR16LS11/8,2013,7,31,3,12800
1344,グリーンハウス,GH-DWT1600LV-2GB,2013,7,18,3,12800
1345,グリーンハウス,GH-DWT1600LV-4GB,2013,7,18,3,12800
1346,グリーンハウス,GH-DWT1600LV-8GB,2013,7,18,3,12800
1347,グリーンハウス,GH-DNT1600LV-2GB,2013,7,18,3,12800
1348,グリーンハウス,GH-DNT1600LV-4GB,2013,7,18,3,12800
1349,グリーンハウス,GH-DNT1600LV-8GB,2013,7,18,3,12800
1350,IODATA,SDY1333-H2G/ST,2013,6,24,3,10600
1351,IODATA,SDY1333-4G/ST,2013,6,24,3,10600
1352,ADTEC,ADS12800N-LH2G,2013,6,6,3,12800
1353,ADTEC,ADS12800N-LH4G,2013,6,6,3,12800
1354,ADTEC,ADS12800N-H4G,2013,6,6,3,12800
1355,ADTEC,ADS12800N-L8G,2013,6,6,3,12800
1356,ADTEC,ADS12800N-L4G,2013,6,6,3,12800
1357,Corsair,CMSA4GX3M1A1066C7,2013,5,14,3,8500
1358,Corsair,CMSA8GX3M1A1333C9,2013,5,14,3,10600
1359,Corsair,CMSA8GX3M1A1600C11,2013,5,14,3,12800
1360,Patriot Memory,PSD34G1600L2S,2013,1,28,3,12800
1361,Patriot Memory,PSD38G1600L2S,2013,1,28,3,12800
1362,プリンストン,PDN3/1600L-4G,2013,1,28,3,12800
1363,プリンストン,PAN3/1600-8G,2013,1,28,3,12800
1364,プリンストン,PDN3/1600L-8G,2013,1,28,3,12800
1365,ARCHISS,AS-1600D3N-4G-MJ,2013,1,25,3,12800
1366,Team,TSD38192M1600C11C-E,2012,12,5,3,12800
1367,バッファロー,D3N1600-L2G,2012,11,28,3,12800
1368,バッファロー,D3N1600-L4G,2012,11,28,3,12800
1369,バッファロー,D3N1600-L8G,2012,11,28,3,12800
1370,Corsair,CMSO4GX3M1A1600C11,2012,11,15,3,12800
1371,バッファロー,MV-D3N1600-2G,2012,10,18,3,12800
1372,バッファロー,MV-D3U1600-2G,2012,10,18,3,12800
1373,バッファロー,MV-D3U1600-4G,2012,10,18,3,12800
1374,バッファロー,MV-D2/N533-G1G,2012,10,18,2,4200
1375,バッファロー,MV-D3U1600-8G,2012,10,18,3,12800
1376,バッファロー,MV-D3N1600-4G,2012,10,18,3,12800
1377,バッファロー,MV-D3N1600-8G,2012,10,18,3,12800
1378,トランセンド,TS4GKR72V3P,2012,10,12,3,10600
1379,ノーブランド,,2012,9,21,3,12800
1380,ノーブランド,,2012,9,21,3,12800
1381,CENTURY MICRO,CD2G-D3LRE1600VL81,2012,9,21,3,12800
1382,CENTURY MICRO,CD4G-D3LUE1333,2012,9,21,3,10600
1383,CENTURY MICRO,CD4G-D3LRE1333L82,2012,9,21,3,10600
1384,CENTURY MICRO,CD8G-D3LUE1333,2012,9,21,3,10600
1385,CENTURY MICRO,CD8G-D3LUE1600,2012,9,21,3,12800
1386,CENTURY MICRO,CD4G-D3LUE1600,2012,9,21,3,12800
1387,CENTURY MICRO,CD2G-D3LUE1333,2012,9,21,3,10600
1388,CENTURY MICRO,CD2G-D3LUE1600,2012,9,21,3,12800
1389,CENTURY MICRO,CD8G-D3LRE1600L82,2012,9,21,3,12800
1390,IODATA,DY1600-8G/EC,2012,9,19,3,12800
1391,トランセンド,TS256MLK72V6N,2012,8,17,3,12800
1392,トランセンド,TS256MSK64V6N,2012,8,17,3,12800
1393,トランセンド,TS512MSK64V6N,2012,8,17,3,12800
1394,トランセンド,TS1GSK64W6H,2012,8,17,3,12800
1395,トランセンド,TS512MLK72V6N,2012,8,17,3,12800
1396,キングストン,KVR16N11/8,2012,7,26,3,12800
1397,キングストン,KVR16S11/8,2012,7,26,3,12800
1398,キングストン,KVR1333D3S9/8G,2012,7,26,3,10600
1399,キングストン,KVR1333D3N9/8G,2012,7,26,3,10600
1400,グリーンハウス,GH-DWT1600-2GB,2012,7,20,3,12800
1401,グリーンハウス,GH-DVT1600-2GB,2012,7,20,3,12800
1402,グリーンハウス,GH-DWT1600-4GB,2012,7,20,3,12800
1403,グリーンハウス,GH-DVT1600-4GB,2012,7,20,3,12800
1404,グリーンハウス,GH-DWT1600-8GB,2012,7,20,3,12800
1405,グリーンハウス,GH-DNT1600-2GB,2012,7,20,3,12800
1406,グリーンハウス,GH-DRT1600-2GB,2012,7,20,3,12800
1407,グリーンハウス,GH-DVT1600-8GB,2012,7,20,3,12800
1408,グリーンハウス,GH-DNT1600-4GB,2012,7,20,3,12800
1409,グリーンハウス,GH-DRT1600-4GB,2012,7,20,3,12800
1410,グリーンハウス,GH-DNT1600-8GB,2012,7,20,3,12800
1411,グリーンハウス,GH-DRT1600-8GB,2012,7,20,3,12800
1412,エレコム,EV1600-N2G/P,2012,7,17,3,12800
1413,エレコム,EV1600-2G/P,2012,7,17,3,12800
1414,エレコム,EV1600-N2G/RO,2012,7,17,3,12800
1415,エレコム,EV1600-4G/RO,2012,7,17,3,12800
1416,エレコム,EV1600-4G/P,2012,7,17,3,12800
1417,エレコム,EV1600-N4G/P,2012,7,17,3,12800
1418,グリーンハウス,GH-DWT1333LV-4GB,2012,7,12,3,10600
1419,グリーンハウス,GH-DWT1333LV-2GG,2012,7,12,3,10600
1420,グリーンハウス,GH-DNT1333LV-2GG,2012,7,12,3,10600
1421,グリーンハウス,GH-DNT1333LV-4GB,2012,7,12,3,10600
1422,グリーンハウス,GH-DWT1333LV-8GB,2012,7,12,3,10600
1423,グリーンハウス,GH-DNT1333LV-8GB,2012,7,12,3,10600
1424,Corsair,CML8GX3M1A1600C10,2012,7,10,3,12800
1425,CENTURY MICRO,CD8G-SOD3LU1333,2012,7,6,3,10600
1426,CENTURY MICRO,CD8G-SOD3LU1600,2012,7,6,3,12800
1427,CENTURY MICRO,CD4G-SOD3LU1333,2012,7,6,3,10600
1428,CENTURY MICRO,CD4G-SOD3LU1600,2012,7,6,3,12800
1429,プリンストン,PAN3/1600-4G,2012,6,27,3,12800
1430,プリンストン,PDN3/1333L-4G,2012,6,27,3,10600
1431,プリンストン,PDN3/1333L-8G,2012,6,27,3,10600
1432,CENTURY MICRO,CD2G-SOD3U1600,2012,6,14,3,12800
1433,CENTURY MICRO,CD8G-SOD3U1600,2012,6,14,3,12800
1434,CENTURY MICRO,CD4G-SOD3U1600,2012,6,14,3,12800
1435,ADTEC,ADS12800D-R8GD,2012,6,14,3,12800
1436,ADTEC,ADS12800D-R16GD,2012,6,14,3,12800
1437,ADTEC,ADS12800D-H2G,2012,6,12,3,12800
1438,ADTEC,ADS12800D-8G,2012,6,12,3,12800
1439,ADTEC,ADS12800D-4G,2012,6,12,3,12800
1440,ADTEC,ADS12800D-HE2G,2012,6,12,3,12800
1441,ADTEC,ADS12800D-E4G,2012,6,12,3,12800
1442,ADTEC,ADS12800D-E8G,2012,6,12,3,12800
1443,ADTEC,ADS12800N-H2G,2012,6,11,3,12800
1444,Corsair,CMZ8GX3M1A1600C9,2012,6,11,3,12800
1445,ADTEC,ADS12800N-8G,2012,6,11,3,12800
1446,ADTEC,ADS12800N-4G,2012,6,11,3,12800
1447,プリンストン,PDN3/1600-2G,2012,5,29,3,12800
1448,プリンストン,PDD3/1600-2G,2012,5,29,3,12800
1449,プリンストン,PDN3/1600-4G,2012,5,29,3,12800
1450,プリンストン,PDD3/1600-4G,2012,5,29,3,12800
1451,プリンストン,PDD3/1600-8G,2012,5,29,3,12800
1452,プリンストン,PDN3/1600-8G,2012,5,29,3,12800
1453,ADTEC,ADS10600D-8G,2012,5,18,3,10600
1454,ADTEC,ADS10600N-8G,2012,5,18,3,10600
1455,ADTEC,ADS10600D-E8G,2012,5,18,3,10600
1456,サムスン,DIMM DDR3 SDRAM PC3-12800 8GB,2012,5,15,3,12800
1457,バッファロー,D3N1600-2G,2012,5,9,3,12800
1458,バッファロー,D3U1600-2G,2012,5,9,3,12800
1459,バッファロー,D3N1600-4G,2012,5,9,3,12800
1460,バッファロー,D3U1600-4G,2012,5,9,3,12800
1461,バッファロー,D3N1600-8G,2012,5,9,3,12800
1462,バッファロー,D3U1600-8G,2012,5,9,3,12800
1463,グリーンハウス,GH-DVT1333-8GB,2012,5,7,3,10600
1464,グリーンハウス,GH-DWT1333-8GB,2012,5,7,3,10600
1465,グリーンハウス,GH-DNT1333-8GB,2012,5,7,3,10600
1466,グリーンハウス,GH-DRT1333-8GB,2012,5,7,3,10600
1467,IODATA,DY1600-2G,2012,4,25,3,12800
1468,CENTURY MICRO,CD2G-D3RE1600VL81,2012,4,2,3,12800
1469,CENTURY MICRO,CD1G-D3UE1333,2012,4,2,3,10600
1470,CENTURY MICRO,CD8G-D3U1333,2012,4,2,3,10600
1471,CENTURY MICRO,CD8G-D3UE1333,2012,4,2,3,10600
1472,CENTURY MICRO,CD8G-D3UE1600,2012,4,2,3,12800
1473,CENTURY MICRO,CD4G-D3UE1600,2012,4,2,3,12800
1474,CENTURY MICRO,CD2G-D3UE1333,2012,4,2,3,10600
1475,CENTURY MICRO,CD2G-D3UE1600,2012,4,2,3,12800
1476,CENTURY MICRO,CD4G-D3UE1066,2012,3,29,3,8500
1477,CENTURY MICRO,CD4G-D3UE1333,2012,3,29,3,10600
1478,Silicon Power,SP008GBLTU133N02,2012,3,28,3,10600
1479,トランセンド,TS1GLK64V6H,2012,3,28,3,12800
1480,トランセンド,TS1GKR72V6H,2012,3,28,3,12800
1481,トランセンド,TS1GLK72V6H,2012,3,28,3,12800
1482,Silicon Power,SP008GBSTU133N02,2012,3,21,3,10600
1483,Corsair,CMV8GX3M1A1333C9,2012,3,5,3,10600
1484,ノーブランド,,2012,2,20,3,10600
1485,CENTURY MICRO,CD8G-SOD3U1333,2012,2,6,3,10600
1486,CENTURY MICRO,CD8G-SOD3U1333M,2012,2,6,3,10600
1487,CENTURY MICRO,CD8G-D3U1600,2012,2,6,3,12800
1488,トランセンド,TS1GSK64V3H,2012,1,31,3,10600
1489,トランセンド,TS1GLK64V3H,2012,1,31,3,10600
1490,プリンストン,PAD3/1333E-2G,2012,1,31,3,10600
1491,トランセンド,TS1GLK72V3H,2012,1,31,3,10600
1492,プリンストン,PDN3/1333-8G,2012,1,31,3,10600
1493,トランセンド,TS1GKR72V6HL,2012,1,31,3,12800
1494,プリンストン,PDD3/1333-8G,2012,1,31,3,10600
1495,IODATA,DY1333-4G,2011,12,1,3,10600
1496,UMAX,Castor SoDDR3-4G-1066,2011,11,24,3,8500
1497,ノーブランド,,2011,11,14,3,10600
1498,Corsair,CMSO8GX3M1A1333C9,2011,10,25,3,10600
1499,G.Skill,F3-8500CL7S-4GBRL,2011,10,24,3,8500
1500,G.Skill,F2-6400CL5S-2GBNT,2011,10,24,2,6400
1501,Corsair,CMZ8GX3M1A1600C10,2011,10,19,3,12800
1502,Corsair,CMSA4GX3M1A1333C9,2011,10,3,3,10600
1503,トランセンド,JM1600KSN-2G,2011,9,26,3,12800
1504,トランセンド,JM1600KSN-4G,2011,9,26,3,12800
1505,Team,TSD32048M1066C7-E,2011,8,4,3,8500
1506,Team,TED32048M1066C7,2011,8,4,3,8500
1507,Team,TSD32048M1333C9-E,2011,8,4,3,10600
1508,Team,TSD34096M1333C9-E,2011,8,4,3,10600
1509,Team,TED32048M1333C9,2011,8,4,3,10600
1510,Corsair,CMSO4GX3M1A1333C9,2011,7,27,3,10600
1511,トランセンド,JM1600KLN-2G,2011,6,15,3,12800
1512,トランセンド,JM1600KLN-4G,2011,6,15,3,12800
1513,プリンストン,PDN3/1333-A2G,2011,6,13,3,10600
1514,プリンストン,PDD3/1066-A2G,2011,6,13,3,8500
1515,Silicon Power,SP002GBLTU106S02,2011,5,9,3,8500
1516,トランセンド,TS256MKR72V3N,2011,4,5,3,10600
1517,トランセンド,TS1GKR72V3N,2011,4,5,3,10600
1518,トランセンド,TS1GKR72V3Y ,2011,4,5,3,10600
1519,グリーンハウス,GH-DVT1333-2GG,2011,4,1,3,10600
1520,グリーンハウス,GH-DVT1333-4GB,2011,4,1,3,10600
1521,グリーンハウス,GH-DRT1333-2GG,2011,4,1,3,10600
1522,トランセンド,TS256MSK64V1N,2011,2,23,3,8500
1523,トランセンド,TS256MLK64V3N,2010,12,28,3,10600
1524,Corsair,CMZ4GX3M1A1600C9,2010,12,27,3,12800
1525,グリーンハウス,GH-DRII800-1GF,2010,12,20,2,6400
1526,グリーンハウス,GH-DRII667-1GF,2010,12,20,2,5300
1527,グリーンハウス,GH-DNII667-1GF,2010,12,20,2,5300
1528,グリーンハウス,GH-DNII667-2GB,2010,12,20,2,5300
1529,グリーンハウス,GH-DRII667-2GB,2010,12,20,2,5300
1530,グリーンハウス,GH-DRII800-2GB,2010,12,20,2,6400
1531,ノーブランド,,2010,11,16,3,12800
1532,バッファロー,D3U1333-4G/E,2010,11,4,3,10600
1533,PQI,DD31333-2G,2010,10,7,3,10660
1534,Corsair,CMX4GX3M1A1600C9,2010,10,7,3,12800
1535,トランセンド,TS256MLK72V3N,2010,10,7,3,10600
1536,トランセンド,TS256MSK64V3N,2010,10,5,3,10600
1537,PQI,ND31066-1G,2010,9,28,3,8500
1538,PQI,ND31066-2G,2010,9,28,3,8500
1539,トランセンド,JM1333KLN-2G,2010,9,21,3,10600
1540,トランセンド,JM1333KSN-4G,2010,9,21,3,10600
1541,トランセンド,JM1333KLN-4G,2010,9,21,3,10600
1542,CENTURY MICRO,CD2G-SOD3U1333H,2010,9,15,3,10600
1543,CENTURY MICRO,CD2G-SOD3U1333M,2010,9,15,3,10600
1544,CENTURY MICRO,CD4G-SOD3U1333M,2010,9,15,3,10600
1545,Lenovo,55Y3706,2010,8,30,3,8500
1546,Corsair,CMX4GX3M1A1333C9,2010,8,20,3,10600
1547,グリーンハウス,GH-DAT1333-4GB,2010,8,20,3,10600
1548,プリンストン,PAN3/1333-2G,2010,8,18,3,10600
1549,プリンストン,PAN3/1333-4G,2010,8,18,3,10600
1550,Corsair,CMV4GX3M1A1333C9,2010,8,10,3,10600
1551,Corsair,VS1GB533D2,2010,7,20,2,4200
1552,ノーブランド,,2010,7,8,3,10600
1553,トランセンド,TS128MKR72V1U,2010,6,22,3,8500
1554,トランセンド,TS512MKR72V3NL,2010,6,22,3,10600
1555,トランセンド,TS512MLK72V3N,2010,6,22,3,10600
1556,トランセンド,TS1GKR72V1N,2010,6,22,3,8500
1557,トランセンド,TS512MLK64V3N,2010,5,31,3,10600
1558,トランセンド,TS128MQR72V6K,2010,5,18,2,5300
1559,トランセンド,TS256MLK72V3U,2010,5,18,3,10600
1560,CENTURY MICRO,CAD4G-D3RE1333L82,2010,4,19,3,10600
1561,CENTURY MICRO,CAD2G-D3RE1333L82,2010,4,19,3,10600
1562,トランセンド,TS512MSK64V3N,2010,4,1,3,10600
1563,トランセンド,TS512MSK64V1N,2010,3,19,3,8500
1564,ノーブランド,,2010,2,3,3,8500
1565,バッファロー,D3U1333-1G/E,2009,12,22,3,10600
1566,グリーンハウス,GH-DV667-1GF,2009,12,18,2,5300
1567,グリーンハウス,GH-DV800-1GF,2009,12,18,2,6400
1568,CENTURY MICRO,CD4G-SOD3U1333,2009,12,1,3,10600
1569,CENTURY MICRO,CD2G-SOD3U1333,2009,12,1,3,10600
1570,G.Skill,F2-6400CL5S-4GBPQ,2009,10,21,2,6400
1571,プリンストン,PDN3/1066-4G,2009,8,25,3,8500
1572,バッファロー,D2/800-E4G,2009,7,27,2,6400
1573,グリーンハウス,GH-DWT1066-4GB,2009,6,30,3,8500
1574,グリーンハウス,GH-DAT1066-4GB,2009,4,22,3,8500
1575,プリンストン,PAN3/1066-4G,2009,3,25,3,8500
1576,プリンストン,PAD3/1066E-1G,2009,3,23,3,8500
1577,グリーンハウス,GH-DXT1066-4GEC ,2009,3,23,3,8500
1578,IODATA,AP-DY1066E-2G,2009,3,6,3,8500
1579,グリーンハウス,GH-DXT1066-1GEC,2009,3,5,3,8500
1580,IODATA,AP-DX533-2G,2009,2,12,2,4200
1581,トランセンド,TS64MSQ64V4J,2009,1,6,2,3200
1582,トランセンド,TS128MSQ64V6U,2009,1,6,2,5300
1583,トランセンド,TS256MQR72V4K,2009,1,6,2,3200
1584,トランセンド,TS64MLQ72V8J,2009,1,5,2,6400
1585,グリーンハウス,GH-DVT1333-1GB,2008,12,19,3,10600
1586,グリーンハウス,GH-DW667-1GF,2008,12,19,2,5300
1587,トランセンド,TS128MSQ64V4J,2008,12,11,2,3200
1588,CENTURY MICRO,CD1G-SOD3U1066,2008,12,1,3,8500
1589,CENTURY MICRO,CD2G-SOD3U1066,2008,12,1,3,8500
1590,CENTURY MICRO,CD2G-SOD3U1066M,2008,12,1,3,8500
1591,ADTEC,ADS8500N-2G,2008,11,28,3,8500
1592,ADTEC,ADS10600D-2G,2008,11,26,3,10600
1593,ADTEC,ADS8500D-2G,2008,11,26,3,8500
1594,ノーブランド,,2008,10,22,3,8500
1595,ノーブランド,,2008,10,22,3,10600
1596,ノーブランド,,2008,10,22,3,12800
1597,サムスン,DIMM DDR3 SDRAM PC3-12800 4GB,2008,10,22,3,12800
1598,プリンストン,PAN3/1066-2G,2008,10,15,3,8500
1599,グリーンハウス,GH-DW800-1GF,2008,9,26,2,6400
1600,グリーンハウス,GH-DW800-2GBZ,2008,9,26,2,6400
1601,グリーンハウス,GH-DV800-2GBZ,2008,9,26,2,6400
1602,トランセンド,JM1333KLU-2G,2008,9,12,3,10600
1603,プリンストン,SPPDD2/667-2G,2008,9,3,2,5300
1604,プリンストン,SPPDN2/667-2G,2008,9,3,2,5300
1605,プリンストン,SPPDD2/800-2G,2008,9,3,2,6400
1606,トランセンド,TS1GPA1024U5U,2008,9,3,2,4200
1607,グリーンハウス,GH-DV667-2GBZ,2008,8,21,2,5300
1608,G.Skill,F2-6400CL6S-4GBMQ,2008,8,14,2,6400
1609,パナソニック,CF-BAK0512U,2008,8,11,2,4200
1610,パナソニック,CF-BAV0256U,2008,8,11,2,3200
1611,プリンストン,PDNM2/400-256,2008,8,1,2,3200
1612,プリンストン,PDN2/533-2G,2008,8,1,2,4200
1613,CENTURY MICRO,CD1G-SOD2U800M,2008,7,30,2,6400
1614,CENTURY MICRO,CD2G-SOD2U800M,2008,7,30,2,6400
1615,CENTURY MICRO,CD1G-D3U1333,2008,7,28,3,10600
1616,CENTURY MICRO,CD1G-D2U533M,2008,7,28,2,4300
1617,CENTURY MICRO,CD512M-D2U533M,2008,7,28,2,4300
1618,CENTURY MICRO,CD2G-D3U1333,2008,7,28,3,10600
1619,CENTURY MICRO,CD2G-D2UE533M,2008,7,28,2,4300
1620,CENTURY MICRO,CD4G-D2RE667L41,2008,7,28,2,5300
1621,トランセンド,TS256MNE6610,2008,7,24,2,5300
1622,プリンストン,PDN3/1066-2G,2008,7,24,3,8500
1623,トランセンド,TS256MQR72V6K,2008,7,24,2,5300
1624,スイスビット,SETN667-1024C,2008,6,30,2,5300
1625,グリーンハウス,GH-DRT1333-1GB,2008,6,30,3,10600
1626,スイスビット,SEU667-1024C,2008,6,30,2,5300
1627,スイスビット,SEN533-512B,2008,6,30,2,4200
1628,グリーンハウス,GH-DRT1333-2GB,2008,6,30,3,10600
1629,グリーンハウス,GH-DAII800-1GB,2008,6,25,2,6400
1630,グリーンハウス,GH-DAII800-2GB,2008,6,25,2,6400
1631,トランセンド,TS128MSK64V1U,2008,6,19,3,8500
1632,トランセンド,TS128MSK64V3U,2008,6,19,3,10600
1633,バッファロー,D3U1333-2G,2008,6,19,3,10600
1634,プリンストン,PDD3/1333-1G,2008,6,17,3,10600
1635,プリンストン,PDD3/1333-2G,2008,6,17,3,10600
1636,プリンストン,PDD3/1066-2G,2008,6,17,3,8500
1637,ハギワラシスコム,HD2-535E512F,2008,6,16,2,5300
1638,ハギワラシスコム,HD2-535E01GF,2008,6,16,2,5300
1639,ハギワラシスコム,HD2-323R01GF,2008,6,16,2,3200
1640,トランセンド,TS128MLK64V3U,2008,6,13,3,10600
1641,トランセンド,TS256MLK64V3U,2008,6,13,3,10600
1642,ADTEC,ADM6400N-1G,2008,5,23,2,6400
1643,プリンストン,PAN2/800-1G,2008,5,1,2,6400
1644,ADTEC,ADS5300D-256,2008,4,11,2,5300
1645,ADTEC,ADS5300D-2G,2008,4,11,2,5300
1646,ADTEC,ADS6400D-1G,2008,4,9,2,6400
1647,ADTEC,ADM5300D-1G,2008,4,8,2,5300
1648,ADTEC,ADS5300D-E2G,2008,4,8,2,5300
1649,ノーブランド,,2008,3,28,2,6400
1650,ノーブランド,,2008,3,28,3,12800
1651,ノーブランド,,2008,3,28,3,8500
1652,ノーブランド,,2008,3,28,3,12800
1653,ノーブランド,,2008,3,28,3,8500
1654,ノーブランド,,2008,3,28,3,10600
1655,ノーブランド,,2008,3,28,3,10600
1656,ノーブランド,,2008,3,28,2,6400
1657,トランセンド,TS256MSQ64V8U,2008,3,28,2,6400
1658,CFD,D3U1066F-1G,2008,3,28,3,8500
1659,IBM,41Y2726,2008,2,28,2,5300
1660,IODATA,DX533-1G/ECO,2008,2,13,2,4200
1661,プリンストン,PDD2/667ME-512,2008,1,25,2,5300
1662,プリンストン,PDD2/667ME-1G,2008,1,25,2,5300
1663,トランセンド,JM533QSJ-512M,2008,1,11,2,4200
1664,トランセンド,TS128MFB72V8J-T,2007,11,27,2,6400
1665,ADTEC,ADF4200K-512,2007,11,2,2,4200
1666,トランセンド,TS256MSQ64V6U,2007,11,1,2,5300
1667,トランセンド,TS64MQR72V5J,2007,8,29,2,4200
1668,トランセンド,TS256MLQ72V6U,2007,8,29,2,5300
1669,トランセンド,TS256MLQ64V8U,2007,8,29,2,6400
1670,トランセンド,TX800QLJ-2GK,2007,8,29,2,6400
1671,CENTURY MICRO,CD256M-D2U533,2007,8,24,2,4200
1672,CENTURY MICRO,CD512M-SOD2U533,2007,8,24,2,4200
1673,CENTURY MICRO,CD512M-D2U533,2007,8,24,2,4200
1674,CENTURY MICRO,CD1G-SOD2U667M,2007,8,24,2,5300
1675,CENTURY MICRO,CD1G-SOD2U533M,2007,8,24,2,4200
1676,CENTURY MICRO,CD512M-D2U667,2007,8,24,2,5300
1677,CENTURY MICRO,CD512M-SOD2U533M,2007,8,24,2,4200
1678,CENTURY MICRO,CD512M-SOD2U667M,2007,8,24,2,5300
1679,CENTURY MICRO,CD512M-SOD2U667,2007,8,24,2,5300
1680,CENTURY MICRO,CD512M-D2UE667,2007,8,24,2,5300
1681,CENTURY MICRO,CD1G-SOD2U533,2007,8,24,2,4200
1682,CENTURY MICRO,CD1G-SOD2U667,2007,8,24,2,5300
1683,CENTURY MICRO,CD1G-D3U1066,2007,8,24,3,8500
1684,CENTURY MICRO,CD2G-SOD2U667,2007,8,24,2,5300
1685,トランセンド,JM800QLJ-512M,2007,6,7,2,6400
1686,トランセンド,JM667QSJ-512M,2007,6,7,2,5300
1687,バッファロー,D2/667-2G,2007,5,8,2,5300
1688,トランセンド,TS64MFB72V5J-T,2007,4,18,2,5300
1689,トランセンド,TS64MFB72V6J-T,2007,4,18,2,5300
1690,トランセンド,TS256MFB72V5K-T,2007,4,18,2,5300
1691,トランセンド,TS64MSQ64V6M,2007,3,19,2,5300
1692,プリンストン,PDD2/667-1G,2007,3,1,2,5300
1693,PQI,QD2533N-1G,2007,2,22,2,4200
1694,グリーンハウス,GH-DXII533-1GEC,2007,1,22,2,4200
1695,プリンストン,PDN2/533-1G,2006,12,28,2,4200
1696,ADTEC,ADR4200K-512A,2006,11,30,2,4200
1697,グリーンハウス,GH-DW667-2GBZ,2006,11,20,2,5300
1698,グリーンハウス,GH-DAII667-2GB,2006,11,20,2,5300
1699,グリーンハウス,GH-DV800-1GBZ,2006,11,14,2,6400
1700,グリーンハウス,GH-DRII800-512M,2006,11,14,2,6400
1701,プリンストン,PAN2/667-2G,2006,11,1,2,5300
1702,CIMA LABORATORY,TA2/533-N1G,2006,7,11,2,4200
1703,トランセンド,TS128MSQ64V6J,2006,7,4,2,5300
1704,グリーンハウス,GH-DMH533-512M,2006,5,2,2,4200
1705,プリンストン,PDN2/667-1G,2006,2,28,2,5300
1706,プリンストン,PDN2/667-512,2006,2,28,2,5300
1707,トランセンド,TS256MQR72V5T,2006,2,1,2,4200
1708,プリンストン,PAN2/667-512,2006,1,26,2,5300
1709,プリンストン,PAN2/667-1G,2006,1,26,2,5300
1710,グリーンハウス,GH-DXII533-2GB,2006,1,25,2,4200
1711,バッファロー,A2/N667-512M,2006,1,13,2,5300
1712,IODATA,AP-SDX533-512M,2005,10,25,2,4200
1713,グリーンハウス,GH-DXII533-1GB,2005,10,24,2,4200
1714,トランセンド,TS512MPA0512U,2005,10,13,2,3200
1715,ADTEC,ADR4200K-1G,2005,9,26,2,4200
